sold_date,address,city,state,zip,property_type,price,beds,baths,square_feet,lot_size,year_built,price_per_square_foot,hoa_month,neighborhood_or_location,latitude,longitude,source,mls_number,redfin_url,date_source_note,original_row_number
2026-05-15,419 Hillside Ln,Santa Monica,CA,90402,Single Family Residential,3215000,3,3.0,2963,6155,1983,1085,,Santa Monica,34.0325145,-118.5184793,TheMLS,26660219,https://www.redfin.com/CA/Santa-Monica/419-Hillside-Ln-90402/home/6840460,Original Redfin export,234
2026-05-11,522 Arbramar Ave,Pacific Palisades,CA,90272,Single Family Residential,3600000,4,5.0,3594,8721,1938,1002,,Pacific Palisades,34.0428316,-118.5355037,TheMLS,26665235,https://www.redfin.com/CA/Pacific-Palisades/522-Arbramar-Ave-90272/home/6842180,Original Redfin export,198
2026-05-05,14903 Pampas Ricas Blvd,Pacific Palisades,CA,90272,Single Family Residential,6600000,5,4.0,3445,13800,1949,1916,42.0,Pacific Palisades,34.0408887,-118.5199123,TheMLS,25622295,https://www.redfin.com/CA/Pacific-Palisades/14903-Pampas-Ricas-Blvd-90272/home/6840840,Original Redfin export,318
2026-04-22,501 Toyopa Dr,Pacific Palisades,CA,90272,Single Family Residential,7762750,5,6.0,5782,9930,2006,1343,29.0,Pacific Palisades,34.0367702,-118.5201759,TheMLS,26647309,https://www.redfin.com/CA/Pacific-Palisades/501-Toyopa-Dr-90272/home/6840964,Original Redfin export,245
2026-04-21,16868 Calle De Sarah,Pacific Palisades,CA,90272,Single Family Residential,3875000,5,5.0,5791,15011,1995,669,1107.0,Pacific Palisades,34.0778866,-118.5516348,TheMLS,26632697,https://www.redfin.com/CA/Pacific-Palisades/16868-Calle-de-Sarah-90272/home/6849283,Original Redfin export,291
2026-04-15,1367 Beckwith Ave,Los Angeles,CA,90049,Single Family Residential,8395000,5,6.0,5420,9097,1953,1549,,Brentwood,34.0528572,-118.4955322,TheMLS,26666407,https://www.redfin.com/CA/Los-Angeles/1367-Beckwith-Ave-90049/home/6839238,Original Redfin export,86
2026-04-14,16906 Enchanted Pl,Pacific Palisades,CA,90272,Single Family Residential,3575000,4,4.0,2901,9874,1957,1232,,Pacific Palisades,34.05136,-118.5482157,TheMLS,26658305,https://www.redfin.com/CA/Pacific-Palisades/16906-Enchanted-Pl-90272/home/6843849,Original Redfin export,117
2026-04-13,408 Ocampo Dr,Pacific Palisades,CA,90272,Single Family Residential,8900000,6,6.0,5350,8562,2000,1664,,Pacific Palisades,34.0361149,-118.5220919,TheMLS,26715427,https://www.redfin.com/CA/Pacific-Palisades/408-Ocampo-Dr-90272/home/6841032,Original Redfin export,25
2026-04-08,1413 Allenford Ave,Los Angeles,CA,90049,Single Family Residential,4380000,4,4.0,2820,9877,1953,1553,,Brentwood,34.0538143,-118.4941774,TheMLS,26661917,https://www.redfin.com/CA/Los-Angeles/1413-Allenford-Ave-90049/home/6839265,Original Redfin export,135
2026-04-03,735 Lachman Ln,Pacific Palisades,CA,90272,Single Family Residential,3965000,4,4.0,3663,7410,1954,1082,,Pacific Palisades,34.0495795,-118.5460657,TheMLS,26637483,https://www.redfin.com/CA/Pacific-Palisades/735-Lachman-Ln-90272/home/6844028,Original Redfin export,247
2026-03-26,13921 W Sunset Blvd,Pacific Palisades,CA,90272,Single Family Residential,3995000,4,3.0,3237,14588,1952,1234,,Pacific Palisades,34.0465814,-118.508805,TheMLS,26653633,https://www.redfin.com/CA/Pacific-Palisades/13921-W-Sunset-Blvd-90272/home/6846925,Original Redfin export,166
2026-03-23,1821 Old Ranch Rd,Los Angeles,CA,90049,Single Family Residential,5299999,3,3.0,3165,32041,1952,1675,42.0,Brentwood,34.0673704,-118.5035483,TheMLS,25605117,https://www.redfin.com/CA/Los-Angeles/1821-Old-Ranch-Rd-90049/home/6849510,Original Redfin export,289
2026-03-20,1141 Maroney Ln,Pacific Palisades,CA,90272,Single Family Residential,10320915,7,8.0,8100,67276,1938,1274,,Pacific Palisades,34.0540047,-118.5367503,TheMLS,26644381,https://www.redfin.com/CA/Pacific-Palisades/1141-Maroney-Ln-90272/home/6844734,Original Redfin export,172
2026-03-20,1521 San Remo Dr,Pacific Palisades,CA,90272,Single Family Residential,6495000,5,4.0,3239,14904,1951,2005,,Pacific Palisades,34.0582361,-118.4989044,TheMLS,26642955,https://www.redfin.com/CA/Pacific-Palisades/1521-San-Remo-Dr-90272/home/6847193,Original Redfin export,106
2026-03-16,1220 Corsica Dr,Pacific Palisades,CA,90272,Single Family Residential,17800000,6,10.0,10293,16038,2025,1729,,Pacific Palisades,34.0507771,-118.5032066,TheMLS,25617739,https://www.redfin.com/CA/Pacific-Palisades/1220-Corsica-Dr-90272/home/6839428,Original Redfin export,279
2026-03-16,17405 Castellammare Dr,Pacific Palisades,CA,90272,Single Family Residential,5275000,3,5.0,4036,3977,2016,1307,,Pacific Palisades,34.0390799,-118.5567768,TheMLS,25593047,https://www.redfin.com/CA/Pacific-Palisades/17405-Castellammare-Dr-90272/home/23102099,Original Redfin export,340
2026-03-13,1330 San Remo,Pacific Palisades,CA,90272,Single Family Residential,3325000,3,3.0,3222,21669,1950,1032,,C15 - Pacific Palisades,34.0543488,-118.4994829,CRMLS,PW26055107,https://www.redfin.com/CA/Pacific-Palisades/1330-San-Remo-Dr-90272/home/6847143,Original Redfin export,47
2026-03-03,1300 Monaco Dr,Pacific Palisades,CA,90272,Single Family Residential,7995000,5,6.0,5087,20079,1952,1572,43.0,Pacific Palisades,34.053239,-118.500557,TheMLS,25611527,https://www.redfin.com/CA/Pacific-Palisades/1300-Monaco-Dr-90272/home/6847157,Original Redfin export,280
2026-03-03,643 Hightree Rd,Santa Monica,CA,90402,Single Family Residential,3400000,3,3.0,1570,11987,1951,2166,,Pacific Palisades,34.0397124,-118.5156585,TheMLS,25625767,https://www.redfin.com/CA/Santa-Monica/643-Hightree-Rd-90402/home/6840108,Original Redfin export,169
2026-02-27,715 Brooktree Rd,Pacific Palisades,CA,90272,Single Family Residential,12000000,5,5.0,4157,13125,1967,2887,,Pacific Palisades,34.0414105,-118.5157128,TheMLS,25611381,https://www.redfin.com/CA/Pacific-Palisades/715-Brooktree-Rd-90272/home/6840099,Original Redfin export,142
2026-02-24,1305 Duende Ln,Pacific Palisades,CA,90272,Single Family Residential,3368040,4,3.0,2999,18085,1973,1123,,Pacific Palisades,34.0590401,-118.5477443,TheMLS,25624415,https://www.redfin.com/CA/Pacific-Palisades/1305-Duende-Ln-90272/home/6845236,Original Redfin export,188
2026-02-23,737 El Medio Ave,Pacific Palisades,CA,90272,Single Family Residential,4675000,4,5.0,3777,6634,2006,1238,,Pacific Palisades,34.0465464,-118.5336967,TheMLS,25631555,https://www.redfin.com/CA/Pacific-Palisades/737-El-Medio-Ave-90272/home/6842229,Original Redfin export,121
2026-02-20,143 Ocean Avenue Ext,Santa Monica,CA,90402,Single Family Residential,5295000,4,7.0,6230,6120,1984,850,,Santa Monica,34.0276346,-118.515313,TheMLS,26638497,https://www.redfin.com/CA/Santa-Monica/143-Ocean-Avenue-Ext-90402/home/6840266,Original Redfin export,126
2026-02-20,338 E Rustic Rd,Santa Monica,CA,90402,Single Family Residential,4500000,2,1.0,884,5952,1946,5090,,Santa Monica,34.0312903,-118.5164843,Public Records / Redfin,,https://www.redfin.com/CA/Santa-Monica/338-E-Rustic-Rd-90402/home/6840548,Filled from public web research: Redfin (High confidence),84
2026-02-12,15022 Bestor Blvd,Pacific Palisades,CA,90272,Single Family Residential,3950000,4,5.0,4404,12358,2002,897,,Pacific Palisades,34.0512729,-118.5238176,Public Records / Redfin,,https://www.redfin.com/CA/Pacific-Palisades/15022-Bestor-Blvd-90272/home/6845972,Filled from public web research: Redfin (High confidence),30
2026-02-11,156 Mabery Rd,Santa Monica,CA,90402,Single Family Residential,4100000,3,3.0,2923,6272,1996,1403,,Santa Monica,34.0280089,-118.5156297,Public Records / Redfin,,https://www.redfin.com/CA/Santa-Monica/156-Mabery-Rd-90402/home/6840247,Filled from public web research: Redfin (High confidence),38
2026-02-04,1146 Amalfi Dr,Pacific Palisades,CA,90272,Single Family Residential,7490000,4,5.0,3823,17989,1948,1959,,Pacific Palisades,34.0503213,-118.5067709,TheMLS,25602587,https://www.redfin.com/CA/Pacific-Palisades/1146-Amalfi-Dr-90272/home/6846931,Original Redfin export,269
2026-02-04,14959 La Cumbre Dr,Pacific Palisades,CA,90272,Single Family Residential,4950000,4,3.0,3125,11925,1949,1584,34.0,Pacific Palisades,34.0339081,-118.5226424,TheMLS,26634583,https://www.redfin.com/CA/Pacific-Palisades/14959-La-Cumbre-Dr-90272/home/6841103,Original Redfin export,77
2026-01-23,1529 Amalfi Dr,Pacific Palisades,CA,90272,Single Family Residential,18800000,6,10.0,9351,16824,2021,2010,31.0,Pacific Palisades,34.058645,-118.5047355,TheMLS,25599593,https://www.redfin.com/CA/Pacific-Palisades/1529-Amalfi-Dr-90272/home/176551317,Original Redfin export,305
2026-01-23,1026 Corsica Dr,Pacific Palisades,CA,90272,Single Family Residential,13855000,5,9.0,7848,12500,2022,1765,25.0,Pacific Palisades,34.0466747,-118.5063323,TheMLS,25624865,https://www.redfin.com/CA/Pacific-Palisades/1026-Corsica-Dr-90272/home/6839495,Original Redfin export,60
2026-01-23,833 Toyopa Dr,Pacific Palisades,CA,90272,Single Family Residential,3300000,5,6.0,4488,8053,2006,735,,Pacific Palisades,34.0430933,-118.5224184,Public Records / Redfin,,https://www.redfin.com/CA/Pacific-Palisades/833-Toyopa-Dr-90272/home/6840764,Filled from public web research: Redfin (High confidence),45
2026-01-21,16021 Northfield St,Pacific Palisades,CA,90272,Single Family Residential,5184420,5,6.0,4551,7108,2020,1139,,Pacific Palisades,34.0462557,-118.5352386,TheMLS,25585813,https://www.redfin.com/CA/Pacific-Palisades/16021-Northfield-St-90272/home/6842034,Original Redfin export,326
2026-01-16,16012 Junaluska Way,Pacific Palisades,CA,90272,Single Family Residential,4450000,4,3.0,3328,5797,1992,1337,,Pacific Palisades,34.0468327,-118.5348837,TheMLS,26641315,https://www.redfin.com/CA/Pacific-Palisades/16012-Junaluska-Way-90272/home/6842045,Original Redfin export,11
2026-01-12,14952 Alva Dr,Pacific Palisades,CA,90272,Single Family Residential,13500000,6,9.0,6800,12235,1985,1985,,Pacific Palisades,34.0352483,-118.5221921,TheMLS,25602681,https://www.redfin.com/CA/Pacific-Palisades/14952-Alva-Dr-90272/home/6841090,Original Redfin export,94
2026-01-09,574 Latimer Rd,Santa Monica,CA,90402,Single Family Residential,4993340,4,5.0,4608,17573,1955,1084,,Pacific Palisades,34.0369344,-118.5147466,TheMLS,25589615,https://www.redfin.com/CA/Santa-Monica/574-Latimer-Rd-90402/home/6840137,Original Redfin export,164
2026-01-07,521 Spoleto Dr,Pacific Palisades,CA,90272,Single Family Residential,10598000,5,5.0,5124,13899,1965,2068,,Pacific Palisades,34.0342443,-118.5152614,TheMLS,25582093,https://www.redfin.com/CA/Pacific-Palisades/521-Spoleto-Dr-90272/home/6839680,Original Redfin export,293
2026-01-06,275 Amalfi Dr,Santa Monica,CA,90402,Single Family Residential,4280000,4,3.0,2138,6899,1961,2002,,Santa Monica,34.0312712,-118.5148035,TheMLS,25612357,https://www.redfin.com/CA/Santa-Monica/275-Amalfi-Dr-90402/home/6840623,Original Redfin export,239
2026-01-05,237 Mabery Rd,Santa Monica,CA,90402,Single Family Residential,3900000,6,5.0,3544,6794,1935,1100,,Santa Monica,34.0291071,-118.5150969,TheMLS,25612843,https://www.redfin.com/CA/Santa-Monica/237-Mabery-Rd-90402/home/6840349,Original Redfin export,187
2026-01-02,450 Wynola St,Pacific Palisades,CA,90272,Single Family Residential,7800000,7,9.0,7255,10147,2009,1075,,Pacific Palisades,34.0416435,-118.5370192,Public Records / Redfin,,https://www.redfin.com/CA/Pacific-Palisades/450-Wynola-St-90272/home/6842144,Filled from public web research: Redfin (High confidence),160
2025-12-19,1109 El Medio Ave,Pacific Palisades,CA,90272,Single Family Residential,3629876,4,4.0,3132,11639,1955,1159,32.0,Pacific Palisades,34.0541497,-118.5318709,TheMLS,25609715,https://www.redfin.com/CA/Pacific-Palisades/1109-El-Medio-Ave-90272/home/6844666,Original Redfin export,208
2025-12-18,1417 Capri Dr,Pacific Palisades,CA,90272,Single Family Residential,13000000,5,5.0,6389,17868,1951,2035,,Pacific Palisades,34.0554016,-118.5029567,TheMLS,25598809,https://www.redfin.com/CA/Pacific-Palisades/1417-Capri-Dr-90272/home/6847013,Original Redfin export,182
2025-12-18,16844 Calle De Sarah,Pacific Palisades,CA,90272,Single Family Residential,4400000,5,6.0,5543,15160,1995,794,1077.0,Pacific Palisades,34.0776189,-118.5507042,TheMLS,25603989,https://www.redfin.com/CA/Pacific-Palisades/16844-Calle-de-Sarah-90272/home/6849287,Original Redfin export,251
2025-12-18,1000 Villa Grove Dr,Pacific Palisades,CA,90272,Single Family Residential,4300000,5,4.0,4299,32801,1954,1000,,Pacific Palisades,34.0479507,-118.5138902,Public Records / Redfin,,https://www.redfin.com/CA/Pacific-Palisades/1000-Villa-Grove-Dr-90272/home/6839943,Filled from public web research: Redfin (High confidence),40
2025-12-15,17520 Stretto Way,Pacific Palisades,CA,90272,Single Family Residential,4680000,4,5.0,3435,3947,1928,1362,,Pacific Palisades,34.0399264,-118.5584447,TheMLS,25615457,https://www.redfin.com/CA/Pacific-Palisades/17520-Stretto-Way-90272/home/6843461,Original Redfin export,20
2025-12-15,1408 Calle Del Jonella,Pacific Palisades,CA,90272,Single Family Residential,3250000,6,6.0,5401,27778,1985,602,600.0,Pacific Palisades,34.0762483,-118.5699999,TheMLS,25618773,https://www.redfin.com/CA/Pacific-Palisades/1408-Calle-del-Jonella-90272/home/6848809,Original Redfin export,150
2025-12-12,17819 Castellammare Dr,Pacific Palisades,CA,90272,Single Family Residential,3245000,5,6.0,4494,3939,2015,722,,Pacific Palisades,34.041713612,-118.5624548,TheMLS,25608769,https://www.redfin.com/CA/Pacific-Palisades/17819-Castellammare-Dr-90272/home/22823782,Original Redfin export,273
2025-12-08,671 San Lorenzo St,Santa Monica,CA,90402,Single Family Residential,4266200,3,4.0,2473,12013,1962,1725,,Santa Monica,34.0369728,-118.5097973,TheMLS,25536217,https://www.redfin.com/CA/Santa-Monica/671-San-Lorenzo-St-90402/home/6839753,Original Redfin export,337
2025-12-05,1100 Las Pulgas Pl,Pacific Palisades,CA,90272,Single Family Residential,3175000,3,3.0,2588,12590,1958,1227,29.0,Pacific Palisades,34.0530379,-118.5395114,TheMLS,25606363,https://www.redfin.com/CA/Pacific-Palisades/1100-Las-Pulgas-Pl-90272/home/6844848,Original Redfin export,216
2025-12-04,415 Mesa Rd,Santa Monica,CA,90402,Single Family Residential,8550000,5,5.0,4287,10928,1940,1994,,Santa Monica,34.0330821,-118.5164382,TheMLS,25544705,https://www.redfin.com/CA/Santa-Monica/415-Mesa-Rd-90402/home/6840517,Original Redfin export,343
2025-12-04,267 Entrada Dr,Santa Monica,CA,90402,Single Family Residential,4925000,4,3.0,2400,4400,2025,2052,,Santa Monica,34.0297083,-118.5157064,TheMLS,25493429,https://www.redfin.com/CA/Santa-Monica/267-Entrada-Dr-90402/home/6840419,Original Redfin export,335
2025-11-25,765 Ranch Ln,Pacific Palisades,CA,90272,Single Family Residential,9392000,6,6.0,4560,12138,2002,2060,,Pacific Palisades,34.0433978,-118.5154435,TheMLS,25602309,https://www.redfin.com/CA/Pacific-Palisades/765-Ranch-Ln-90272/home/6840051,Original Redfin export,154
2025-11-21,13208 Jonesboro Pl,Los Angeles,CA,90049,Single Family Residential,3785440,3,3.0,2279,9647,1954,1661,,Brentwood,34.0518976,-118.498173,TheMLS,25610721,https://www.redfin.com/CA/Los-Angeles/13208-Jonesboro-Pl-90049/home/6839197,Original Redfin export,89
2025-11-18,1135 Ravoli Dr,Pacific Palisades,CA,90272,Single Family Residential,7260000,5,5.0,4259,16072,1954,1705,,Pacific Palisades,34.0506947,-118.5086451,TheMLS,25535265,https://www.redfin.com/CA/Pacific-Palisades/1135-Ravoli-Dr-90272/home/6846870,Original Redfin export,348
2025-11-17,370 Surfview Dr,Pacific Palisades,CA,90272,Single Family Residential,3364500,5,4.0,2948,22926,1965,1141,,Pacific Palisades,34.0468253,-118.5666768,TheMLS,25586783,https://www.redfin.com/CA/Pacific-Palisades/370-Surfview-Dr-90272/home/6851207,Original Redfin export,201
2025-11-11,16866 Charmel Ln,Pacific Palisades,CA,90272,Single Family Residential,4400000,5,5.0,4000,19344,1986,1100,,Pacific Palisades,34.0635511,-118.5518827,TheMLS,25617967,https://www.redfin.com/CA/Pacific-Palisades/16866-Charmel-Ln-90272/home/6845338,Original Redfin export,48
2025-11-06,800 Greentree Rd,Pacific Palisades,CA,90272,Single Family Residential,10500000,5,6.0,5364,12153,2004,1957,,Pacific Palisades,34.0433621,-118.5157121,TheMLS,25548643,https://www.redfin.com/CA/Pacific-Palisades/800-Greentree-Rd-90272/home/6840050,Original Redfin export,313
2025-11-05,701 El Medio Ave,Pacific Palisades,CA,90272,Single Family Residential,4100000,4,4.0,3489,6721,2007,1175,,Pacific Palisades,34.0452851,-118.5338986,TheMLS,25598805,https://www.redfin.com/CA/Pacific-Palisades/701-El-Medio-Ave-90272/home/6842238,Original Redfin export,158
2025-11-04,14800 Corona Del Mar,Pacific Palisades,CA,90272,Single Family Residential,15315281,5,8.0,5677,25408,2010,2698,,Pacific Palisades,34.0308571,-118.5189545,TheMLS,25587545,https://www.redfin.com/CA/Pacific-Palisades/14800-Corona-del-Mar-90272/home/40155047,Original Redfin export,212
2025-11-04,219 Chautauqua Blvd,Pacific Palisades,CA,90272,Single Family Residential,5275000,3,2.0,1849,28957,1948,2853,,Pacific Palisades,34.0307212,-118.5186513,TheMLS,25499739,https://www.redfin.com/CA/Pacific-Palisades/219-Chautauqua-Blvd-90272/home/40155048,Original Redfin export,315
2025-10-31,211 Alma Real Dr,Pacific Palisades,CA,90272,Single Family Residential,22610000,6,8.0,9220,25669,2019,2452,81.0,Pacific Palisades,34.033221,-118.5249484,TheMLS,25611695,https://www.redfin.com/CA/Pacific-Palisades/211-Alma-Real-Dr-90272/home/6841074,Original Redfin export,4
2025-10-23,745 Napoli Dr,Pacific Palisades,CA,90272,Single Family Residential,5800000,5,5.0,3761,16041,1960,1542,29.0,Pacific Palisades,34.041891,-118.5105332,TheMLS,24-421779,https://www.redfin.com/CA/Pacific-Palisades/745-Napoli-Dr-90272/home/6839599,Original Redfin export,327
2025-10-10,761 Latimer Rd,Santa Monica,CA,90402,Single Family Residential,8200000,5,6.0,7323,15514,1998,1120,,Santa Monica,34.0435226,-118.5126117,TheMLS,25563189,https://www.redfin.com/CA/Santa-Monica/761-Latimer-Rd-90402/home/6839997,Original Redfin export,257
2025-10-06,442 Alma Real Dr,Pacific Palisades,CA,90272,Single Family Residential,4750000,3,4.0,2600,10623,1950,1827,,Pacific Palisades,34.0368465,-118.522272,Public Records / Redfin,,https://www.redfin.com/CA/Pacific-Palisades/442-Alma-Real-Dr-90272/home/6841045,Filled from public web research: Redfin (High confidence),12
2025-10-01,720 Chapala Dr,Pacific Palisades,CA,90272,Single Family Residential,4262000,4,4.0,3491,8518,1929,1221,27.0,Pacific Palisades,34.0408072,-118.521696,TheMLS,25580449,https://www.redfin.com/CA/Pacific-Palisades/720-Chapala-Dr-90272/home/6840865,Original Redfin export,179
2025-10-01,16959 Dulce Ynez Ln,Pacific Palisades,CA,90272,Single Family Residential,3160000,3,3.0,2547,20144,1975,1241,,Pacific Palisades,34.0467644,-118.5511045,TheMLS,25557935,https://www.redfin.com/CA/Pacific-Palisades/16959-Dulce-Ynez-Ln-90272/home/6844499,Original Redfin export,122
2025-09-30,37 Haldeman Rd,Santa Monica,CA,90402,Single Family Residential,8022333,3,2.0,3163,26981,1925,2536,,Pacific Palisades,34.0392631,-118.5128282,TheMLS,25599705,https://www.redfin.com/CA/Santa-Monica/37-Haldeman-Rd-90402/home/6840181,Original Redfin export,19
2025-09-30,1476 Via Cresta,Pacific Palisades,CA,90272,Single Family Residential,7150000,4,5.0,4816,95700,1988,1485,1440.0,Pacific Palisades,34.0561651,-118.5367543,TheMLS,25591543,https://www.redfin.com/CA/Pacific-Palisades/1476-Via-Cresta-90272/home/6845397,Original Redfin export,78
2025-09-29,17552 Camino De Yatasto,Pacific Palisades,CA,90272,Single Family Residential,3060000,5,5.0,4130,34274,1977,741,690.0,Pacific Palisades,34.0769343,-118.5723074,TheMLS,25545063,https://www.redfin.com/CA/Pacific-Palisades/17552-Camino-de-Yatasto-90272/home/6848832,Original Redfin export,310
2025-09-24,17711 Revello Dr,Pacific Palisades,CA,90272,Single Family Residential,4183450,4,5.0,3383,3807,1955,1237,,Pacific Palisades,34.0415,-118.561321,TheMLS,25577567,https://www.redfin.com/CA/Pacific-Palisades/17711-Revello-Dr-90272/home/6843662,Original Redfin export,130
2025-09-17,16718 Via Pacifica,Pacific Palisades,CA,90272,Single Family Residential,4105000,6,5.0,5312,9940,1997,773,984.0,Pacific Palisades,34.0761124,-118.5479043,TheMLS,25567535,https://www.redfin.com/CA/Pacific-Palisades/16718-Via-Pacifica-90272/home/6849315,Original Redfin export,202
2025-09-10,306 Amalfi Dr,Santa Monica,CA,90402,Single Family Residential,4800000,4,4.0,3492,5999,1933,1375,,Santa Monica,34.0321675,-118.5144631,TheMLS,25571963,https://www.redfin.com/CA/Santa-Monica/306-Amalfi-Dr-90402/home/6840668,Original Redfin export,65
2025-09-09,1355 Monaco Dr,Pacific Palisades,CA,90272,Single Family Residential,8500000,3,3.0,3084,17572,1956,2756,78.0,Pacific Palisades,34.0547687,-118.5013624,TheMLS,25575115,https://www.redfin.com/CA/Pacific-Palisades/1355-Monaco-Dr-90272/home/6846972,Original Redfin export,139
2025-09-08,1057 Corsica Dr,Pacific Palisades,CA,90272,Single Family Residential,13044518,5,6.0,6000,15007,2020,2174,,Pacific Palisades,34.047621,-118.5063191,TheMLS,25541933,https://www.redfin.com/CA/Pacific-Palisades/1057-Corsica-Dr-90272/home/6839487,Original Redfin export,283
2025-08-29,1124 Napoli Dr,Pacific Palisades,CA,90272,Single Family Residential,25750000,5,6.0,10568,17227,2008,2437,,Pacific Palisades,34.0481812,-118.5038878,TheMLS,25584301,https://www.redfin.com/CA/Pacific-Palisades/1124-Napoli-Dr-90272/home/6839434,Original Redfin export,22
2025-08-29,345 W Channel Rd,Santa Monica,CA,90402,Single Family Residential,10200000,5,8.0,7000,13007,2011,1457,,Santa Monica,34.0307927,-118.5141276,TheMLS,25516509,https://www.redfin.com/CA/Santa-Monica/345-W-Channel-Rd-90402/home/6840642,Original Redfin export,314
2025-08-29,772 Hartzell St,Pacific Palisades,CA,90272,Single Family Residential,3787500,5,5.0,4034,7152,2009,939,,Pacific Palisades,34.0433064,-118.5189196,Public Records / Redfin,,https://www.redfin.com/CA/Pacific-Palisades/772-Hartzell-St-90272/home/6846770,Filled from public web research: Redfin (High confidence),56
2025-08-28,14924 Camarosa Dr,Pacific Palisades,CA,90272,Single Family Residential,22100000,7,9.0,8388,25298,1929,2635,,Pacific Palisades,34.0343715,-118.5216936,TheMLS,25516923,https://www.redfin.com/CA/Pacific-Palisades/14924-Camarosa-Dr-90272/home/6841113,Original Redfin export,331
2025-08-28,14929 La Cumbre Dr,Pacific Palisades,CA,90272,Single Family Residential,5275000,4,3.0,2909,13319,1956,1813,,Pacific Palisades,34.03394,-118.5217038,TheMLS,25517765,https://www.redfin.com/CA/Pacific-Palisades/14929-La-Cumbre-Dr-90272/home/6841100,Original Redfin export,325
2025-08-27,1491 Capri Dr,Pacific Palisades,CA,90272,Single Family Residential,6341100,4,4.0,3147,25570,1948,2015,,Pacific Palisades,34.057544,-118.5023809,TheMLS,25544483,https://www.redfin.com/CA/Pacific-Palisades/1491-Capri-Dr-90272/home/6847007,Original Redfin export,211
2025-08-22,13716 W Sunset Blvd,Pacific Palisades,CA,90272,Single Family Residential,3568000,4,5.0,3393,15010,1952,1052,,Pacific Palisades,34.0503295,-118.504971,TheMLS,25564789,https://www.redfin.com/CA/Pacific-Palisades/13716-W-Sunset-Blvd-90272/home/6839463,Original Redfin export,98
2025-08-08,479 Mesa Rd,Santa Monica,CA,90402,Single Family Residential,5277500,4,4.0,3245,7389,1927,1626,,Santa Monica,34.0346628,-118.5172928,Public Records / Redfin,,https://www.redfin.com/CA/Santa-Monica/479-Mesa-Rd-90402/home/6840511,Filled from public web research: Redfin (High confidence),7
2025-08-05,755 Napoli Dr,Pacific Palisades,CA,90272,Single Family Residential,15814139,7,9.0,10603,16186,2023,1491,,Pacific Palisades,34.042083,-118.5103071,TheMLS,25568365,https://www.redfin.com/CA/Pacific-Palisades/755-Napoli-Dr-90272/home/6839598,Original Redfin export,46
2025-08-01,16597 Via Floresta,Pacific Palisades,CA,90272,Single Family Residential,3560000,4,3.0,3361,15101,1985,1059,,Pacific Palisades,34.0597527,-118.5474546,TheMLS,25537189,https://www.redfin.com/CA/Pacific-Palisades/16597-Via-Floresta-90272/home/6845241,Original Redfin export,248
2025-07-31,747 Ocampo Dr,Pacific Palisades,CA,90272,Single Family Residential,3850000,5,6.0,4430,8627,1952,869,,Pacific Palisades,34.0414839,-118.5218992,Public Records / Redfin,,https://www.redfin.com/CA/Pacific-Palisades/747-Ocampo-Dr-90272/home/6840855,Filled from public web research: Redfin (High confidence),231
2025-07-15,13817 W Sunset Blvd,Pacific Palisades,CA,90272,Single Family Residential,9400000,5,7.0,6528,14996,2019,1440,,Pacific Palisades,34.0484476,-118.5073245,TheMLS,25492149,https://www.redfin.com/CA/Pacific-Palisades/13817-W-Sunset-Blvd-90272/home/6846918,Original Redfin export,296
2025-07-11,463 Wynola St,Pacific Palisades,CA,90272,Single Family Residential,5299000,6,7.0,7698,8867,2009,688,,Pacific Palisades,34.0420317,-118.5371758,TheMLS,24-472175,https://www.redfin.com/CA/Pacific-Palisades/463-Wynola-St-90272/home/21917412,Original Redfin export,349
2025-07-11,1443 Jonesboro Dr,Los Angeles,CA,90049,Single Family Residential,3750000,5,3.5,2223,13610,1954,1687,,C06 - Brentwood,34.054644,-118.4976947,CRMLS,SR25077090,https://www.redfin.com/CA/Los-Angeles/1443-Jonesboro-Dr-90049/home/6839152,Original Redfin export,111
2025-07-08,603 Hightree Rd,Santa Monica,CA,90402,Single Family Residential,7723427,4,4.0,2913,56447,1955,2651,,Santa Monica,34.0379788,-118.5169253,TheMLS,25541749,https://www.redfin.com/CA/Santa-Monica/603-Hightree-Rd-90402/home/6840119,Original Redfin export,100
2025-07-07,551 Amalfi Dr,Pacific Palisades,CA,90272,Single Family Residential,11300000,6,8.0,8894,15620,2003,1271,33.0,Pacific Palisades,34.0357756,-118.5134994,TheMLS,25537501,https://www.redfin.com/CA/Pacific-Palisades/551-Amalfi-Dr-90272/home/6839651,Original Redfin export,217
2025-07-01,848 Toulon Dr,Pacific Palisades,CA,90272,Single Family Residential,8500000,4,5.0,4400,13565,1951,1932,33.0,Pacific Palisades,34.044049,-118.5088947,TheMLS,25540469,https://www.redfin.com/CA/Pacific-Palisades/848-Toulon-Dr-90272/home/6839580,Original Redfin export,167
2025-07-01,14629 Hilltree Rd,Santa Monica,CA,90402,Single Family Residential,4395000,3,3.0,2579,7091,1954,1704,,Santa Monica,34.0371306,-118.516281,Public Records / Redfin,,https://www.redfin.com/CA/Santa-Monica/14629-Hilltree-Rd-90402/home/6840145,Filled from public web research: Redfin (High confidence),50
2025-06-25,1494 Pampas Ricas Blvd,Pacific Palisades,CA,90272,Single Family Residential,4700000,5,6.0,5125,12073,1998,917,,Pacific Palisades,34.0405,-118.52086,Public Records / Redfin,,https://www.redfin.com/CA/Pacific-Palisades/1494-Pampas-Ricas-Blvd-90272/home/6840861,Filled from public web research: Redfin (High confidence),44
2025-06-25,546 Stassi Ln,Santa Monica,CA,90402,Single Family Residential,4300000,4,4.0,3376,7335,1948,1274,,Santa Monica,34.0331245,-118.5097351,TheMLS,25520269,https://www.redfin.com/CA/Santa-Monica/546-Stassi-Ln-90402/home/6840210,Original Redfin export,268
2025-06-18,13600 Romany Dr,Pacific Palisades,CA,90272,Single Family Residential,10229600,6,7.0,5800,16082,1941,1764,,Pacific Palisades,34.0544355,-118.5030782,TheMLS,25533423,https://www.redfin.com/CA/Pacific-Palisades/13600-Romany-Dr-90272/home/6846981,Original Redfin export,183
2025-06-18,408 Sycamore Rd,Santa Monica,CA,90402,Single Family Residential,4085000,4,3.0,2020,4642,1913,2022,,Santa Monica,34.0326825,-118.5165468,TheMLS,25514361,https://www.redfin.com/CA/Santa-Monica/408-Sycamore-Rd-90402/home/6840500,Original Redfin export,281
2025-06-12,1180 Napoli Dr,Pacific Palisades,CA,90272,Single Family Residential,10225000,5,5.0,5011,20124,1953,2041,,Pacific Palisades,34.0500409,-118.5030777,TheMLS,25523273,https://www.redfin.com/CA/Pacific-Palisades/1180-Napoli-Dr-90272/home/6839425,Original Redfin export,113
2025-06-12,400 E Rustic Rd,Santa Monica,CA,90402,Single Family Residential,3100000,3,2.0,1873,6526,1935,1655,,Santa Monica,34.0322246,-118.5173194,TheMLS,25532031,https://www.redfin.com/CA/Santa-Monica/400-E-Rustic-Rd-90402/home/6840530,Original Redfin export,92
2025-06-10,279 Amalfi Dr,Santa Monica,CA,90402,Single Family Residential,4870000,3,4.0,2613,5597,1935,1864,,Santa Monica,34.0313965,-118.5148616,TheMLS,25532639,https://www.redfin.com/CA/Santa-Monica/279-Amalfi-Dr-90402/home/6840624,Original Redfin export,184
2025-06-06,411 Lombard Ave,Pacific Palisades,CA,90272,Single Family Residential,3500000,3,3.0,3974,8018,1979,881,,Pacific Palisades,34.036968,-118.527272,Public Records / Redfin,,https://www.redfin.com/CA/Pacific-Palisades/411-Lombard-Ave-90272/home/6841844,Filled from public web research: Redfin (High confidence),14
2025-06-04,486 E Channel Rd,Santa Monica,CA,90402,Single Family Residential,4695000,4,4.0,2700,3769,2016,1739,,Santa Monica,34.0333798,-118.5123725,TheMLS,25-489677,https://www.redfin.com/CA/Santa-Monica/486-E-Channel-Rd-90402/home/6840713,Original Redfin export,307
2025-05-30,928 Chautauqua Blvd,Pacific Palisades,CA,90272,Single Family Residential,3800000,4,4.0,3284,14257,1929,1157,,Pacific Palisades,34.0471617,-118.5160618,Public Records / Redfin,,https://www.redfin.com/CA/Pacific-Palisades/928-Chautauqua-Blvd-90272/home/6846564,Filled from public web research: Redfin (High confidence),23
2025-05-07,724 Greentree Rd,Pacific Palisades,CA,90272,Single Family Residential,12550000,4,4.0,4020,12459,2019,3122,,Pacific Palisades,34.0418096,-118.5160848,TheMLS,25511749,https://www.redfin.com/CA/Pacific-Palisades/724-Greentree-Rd-90272/home/6840096,Original Redfin export,96
2025-05-06,13574 D Este Dr,Pacific Palisades,CA,90272,Single Family Residential,10079425,5,6.0,6100,17001,1959,1652,39.0,Pacific Palisades,34.0572056,-118.5007231,TheMLS,25516091,https://www.redfin.com/CA/Pacific-Palisades/13574-D-Este-Dr-90272/home/180089641,Original Redfin export,132
2025-04-28,814 Toulon Dr,Pacific Palisades,CA,90272,Single Family Residential,20000000,6,7.0,8008,18604,2013,2498,,Pacific Palisades,34.0438895,-118.50953,TheMLS,25498471,https://www.redfin.com/CA/Pacific-Palisades/814-Toulon-Dr-90272/home/8145181,Original Redfin export,203
2025-04-22,1065 Amalfi Dr,Pacific Palisades,CA,90272,Single Family Residential,7650000,4,5.0,4308,12027,1950,1776,,Pacific Palisades,34.0488226,-118.5083145,Public Records / Redfin,,https://www.redfin.com/CA/Pacific-Palisades/1065-Amalfi-Dr-90272/home/6846896,Filled from public web research: Redfin (High confidence),29
2025-04-09,645 Ocampo Dr,Pacific Palisades,CA,90272,Single Family Residential,4100000,4,4.0,4070,8202,1952,1007,,Pacific Palisades,34.0398209,-118.5205454,Public Records / Redfin,,https://www.redfin.com/CA/Pacific-Palisades/645-Ocampo-Dr-90272/home/6840922,Filled from public web research: Redfin (High confidence),13
2025-04-07,16258 Shadow Mountain Dr,Pacific Palisades,CA,90272,Single Family Residential,4950000,5,7.0,9881,65327,1995,501,,Pacific Palisades,34.0575339,-118.5392186,Public Records / Redfin,,https://www.redfin.com/CA/Pacific-Palisades/16258-Shadow-Mountain-Dr-90272/home/8093071,Filled from public web research: Redfin (High confidence),346
2025-04-03,1344 Monaco Dr,Pacific Palisades,CA,90272,Single Family Residential,13230551,6,6.0,6014,19980,1930,2200,,Pacific Palisades,34.0541804,-118.5008408,TheMLS,25499223,https://www.redfin.com/CA/Pacific-Palisades/1344-Monaco-Dr-90272/home/6847147,Original Redfin export,176
2025-04-01,338 Entrada Dr,Santa Monica,CA,90402,Single Family Residential,4390000,4,4.0,2792,6000,1947,1572,,Santa Monica,34.0301378,-118.5142482,TheMLS,25-480995,https://www.redfin.com/CA/Santa-Monica/338-Entrada-Dr-90402/home/6840334,Original Redfin export,263
2025-03-28,13837 W Sunset Blvd,Pacific Palisades,CA,90272,Single Family Residential,4199000,5,4.0,3837,14994,1952,1094,,Pacific Palisades,34.0479986,-118.5076608,CSMAR,225000469,https://www.redfin.com/CA/Pacific-Palisades/13837-W-Sunset-Blvd-90272/home/6846919,Original Redfin export,227
2025-03-21,707 Brooktree Rd,Pacific Palisades,CA,90272,Single Family Residential,8225000,3,4.0,3071,13036,1948,2678,,Pacific Palisades,34.0407775,-118.5157362,Public Records / Redfin,,https://www.redfin.com/CA/Pacific-Palisades/707-Brooktree-Rd-90272/home/6840103,Filled from public web research: Redfin (High confidence),285
2025-03-20,1425 Brinkley Ave,Los Angeles,CA,90049,Single Family Residential,3295500,3,2.0,2363,9564,1953,1395,,Brentwood,34.0545668,-118.4961161,TheMLS,25497641,https://www.redfin.com/CA/Los-Angeles/1425-Brinkley-Ave-90049/home/6839199,Original Redfin export,59
2025-03-06,1328 Brinkley Ave,Los Angeles,CA,90049,Single Family Residential,4530600,4,3.0,2716,9130,1953,1668,,Brentwood,34.0515652,-118.4963972,TheMLS,25-487989,https://www.redfin.com/CA/Los-Angeles/1328-Brinkley-Ave-90049/home/6839310,Original Redfin export,63
2025-03-05,830 Brooktree Rd,Pacific Palisades,CA,90272,Single Family Residential,6448900,4,3.0,2488,17234,1949,2592,,Pacific Palisades,34.0443569,-118.5138123,TheMLS,25491131,https://www.redfin.com/CA/Pacific-Palisades/830-Brooktree-Rd-90272/home/6840037,Original Redfin export,83
2025-02-25,225 Mabery Rd,Santa Monica,CA,90402,Single Family Residential,6500000,4,4.0,3294,6988,1926,1973,,Santa Monica,34.0289324,-118.5153657,TheMLS,25-488645,https://www.redfin.com/CA/Santa-Monica/225-Mabery-Rd-90402/home/6840351,Original Redfin export,51
2025-02-25,1400 Longworth Dr,Los Angeles,CA,90049,Single Family Residential,4900000,4,4.0,2616,8407,1954,1873,,Brentwood,34.0534594,-118.4969457,TheMLS,25495851,https://www.redfin.com/CA/Los-Angeles/1400-Longworth-Dr-90049/home/6839226,Original Redfin export,49
2025-02-21,625 Kingman Ave,Santa Monica,CA,90402,Single Family Residential,7195000,4,4.0,3100,5670,1936,2321,,Santa Monica,34.0351957,-118.5089509,TheMLS,25-489935,https://www.redfin.com/CA/Santa-Monica/625-Kingman-Ave-90402/home/6839815,Original Redfin export,110
2025-02-20,13209 Dobbins Pl,Los Angeles,CA,90049,Single Family Residential,11776000,6,8.0,9139,10013,2024,1289,,Brentwood,34.0530854,-118.4978514,TheMLS,25-479475,https://www.redfin.com/CA/Los-Angeles/13209-Dobbins-Pl-90049/home/6839187,Original Redfin export,129
2025-02-19,13201 Haney Pl,Los Angeles,CA,90049,Single Family Residential,10200000,6,7.0,6716,9826,2022,1519,,Brentwood,34.0537895,-118.4972989,TheMLS,25-489879,https://www.redfin.com/CA/Los-Angeles/13201-Haney-Pl-90049/home/6839181,Original Redfin export,107
2025-02-11,592 Entrada Dr,Santa Monica,CA,90402,Single Family Residential,3450000,2,3.0,2431,5519,1948,1419,,Santa Monica,34.0341428,-118.5093908,TheMLS,24-439471,https://www.redfin.com/CA/Santa-Monica/592-Entrada-Dr-90402/home/6840190,Original Redfin export,332
2025-01-24,309 E Rustic Rd,Santa Monica,CA,90402,Single Family Residential,6650000,4,5.0,4133,6353,1923,1609,,Santa Monica,34.0306539,-118.5166303,TheMLS,24-452725,https://www.redfin.com/CA/Santa-Monica/309-E-Rustic-Rd-90402/home/6840427,Original Redfin export,244
2025-01-23,312 E Rustic Rd,Santa Monica,CA,90402,Single Family Residential,6400000,5,5.0,3400,7002,2024,1882,,Santa Monica,34.0307024,-118.5161124,TheMLS,24-436911,https://www.redfin.com/CA/Santa-Monica/312-E-Rustic-Rd-90402/home/6840552,Original Redfin export,316
2025-01-02,587 E Channel Rd,Santa Monica,CA,90402,Single Family Residential,7350000,3,3.0,3059,30098,1953,2403,,C14 - Santa Monica,34.036195,-118.5116541,CRMLS,SB24244114,https://www.redfin.com/CA/Santa-Monica/587-E-Channel-Rd-90402/home/6839688,Original Redfin export,73
2024-12-26,1420 Bienveneda Ave,Pacific Palisades,CA,90272,Single Family Residential,6102500,6,6.0,6732,45517,1995,906,1320.0,Pacific Palisades,34.0622688,-118.5426374,TheMLS,24-436635,https://www.redfin.com/CA/Pacific-Palisades/1420-Bienveneda-Ave-90272/home/6845360,Original Redfin export,250
2024-12-20,773 Hartzell St,Pacific Palisades,CA,90272,Single Family Residential,5149000,4,5.0,3600,6502,2004,1430,,Pacific Palisades,34.0432398,-118.5194671,TheMLS,24-475259,https://www.redfin.com/CA/Pacific-Palisades/773-Hartzell-St-90272/home/6846754,Original Redfin export,6
2024-12-20,1361 Berea Pl,Pacific Palisades,CA,90272,Single Family Residential,4900000,5,6.0,4083,8374,1960,1200,,Pacific Palisades,34.0540248,-118.5219397,TheMLS,24-354085,https://www.redfin.com/CA/Pacific-Palisades/1361-Berea-Pl-90272/home/6845447,Original Redfin export,334
2024-12-18,368 Sycamore Rd,Santa Monica,CA,90402,Single Family Residential,3805697,4,3.0,2060,4355,2007,1847,,Santa Monica,34.0321622,-118.5162302,TheMLS,24-449071,https://www.redfin.com/CA/Santa-Monica/368-Sycamore-Rd-90402/home/6840577,Original Redfin export,240
2024-12-16,532 Spoleto Dr,Pacific Palisades,CA,90272,Single Family Residential,15095000,7,8.0,10568,16639,2009,1428,25.0,Pacific Palisades,34.0351559,-118.5144499,TheMLS,24-447415,https://www.redfin.com/CA/Pacific-Palisades/532-Spoleto-Dr-90272/home/6839672,Original Redfin export,144
2024-12-13,16650 Akron St,Pacific Palisades,CA,90272,Single Family Residential,4150000,4,4.0,2600,8193,1954,1596,,Pacific Palisades,34.0497019,-118.5448529,TheMLS,24-462507,https://www.redfin.com/CA/Pacific-Palisades/16650-Akron-St-90272/home/6844111,Original Redfin export,58
2024-12-06,1102 Chautauqua Blvd,Pacific Palisades,CA,90272,Single Family Residential,4785000,5,4.0,4045,8808,1947,1183,,Pacific Palisades,34.0500161,-118.5172046,TheMLS,24-455839,https://www.redfin.com/CA/Pacific-Palisades/1102-Chautauqua-Blvd-90272/home/6846101,Original Redfin export,173
2024-12-05,1116 Cumbre Alta Ct,Pacific Palisades,CA,90272,Single Family Residential,5072500,5,6.0,5421,15140,1987,936,495.0,Pacific Palisades,34.0678626,-118.5545983,TheMLS,24-424025,https://www.redfin.com/CA/Pacific-Palisades/1116-Cumbre-Alta-Ct-90272/home/6849121,Original Redfin export,270
2024-12-03,717 Greentree Rd,Pacific Palisades,CA,90272,Single Family Residential,8500000,5,6.0,5200,17893,2004,1635,,Pacific Palisades,34.0413334,-118.5166504,TheMLS,24-445803,https://www.redfin.com/CA/Pacific-Palisades/717-Greentree-Rd-90272/home/6840089,Original Redfin export,209
2024-11-26,407 Upper Mesa Rd,Santa Monica,CA,90402,Single Family Residential,4800000,4,4.0,3325,5011,1983,1444,,Santa Monica,34.0327737,-118.5161577,TheMLS,24-423745,https://www.redfin.com/CA/Santa-Monica/407-Mesa-Rd-90402/home/6840633,Original Redfin export,304
2024-11-22,906 Chautauqua Blvd,Pacific Palisades,CA,90272,Single Family Residential,7475000,4,3.0,3882,18466,1942,1926,,Pacific Palisades,34.0465201,-118.5159715,TheMLS,24-406881,https://www.redfin.com/CA/Pacific-Palisades/906-Chautauqua-Blvd-90272/home/6846560,Original Redfin export,321
2024-11-22,1379 Beckwith Ave,Los Angeles,CA,90049,Single Family Residential,4900000,4,5.0,3669,9264,1953,1336,,Brentwood,34.0532957,-118.495391,TheMLS,24-433089,https://www.redfin.com/CA/Los-Angeles/1379-Beckwith-Ave-90049/home/6839236,Original Redfin export,220
2024-11-21,444 Sycamore Rd,Santa Monica,CA,90402,Single Family Residential,3490000,4,4.0,2380,4643,1994,1466,,Pacific Palisades,34.033559,-118.5169846,TheMLS,24-436287,https://www.redfin.com/CA/Santa-Monica/444-Sycamore-Rd-90402/home/6840493,Original Redfin export,254
2024-11-20,836 Iliff St,Pacific Palisades,CA,90272,Single Family Residential,3994000,4,3.0,3088,6499,2003,1293,,Pacific Palisades,34.0446774,-118.5182001,TheMLS,24-383865,https://www.redfin.com/CA/Pacific-Palisades/836-Iliff-St-90272/home/6846597,Original Redfin export,345
2024-11-18,765 Amalfi Dr,Pacific Palisades,CA,90272,Single Family Residential,9005000,4,4.0,2823,16560,1949,3190,,Pacific Palisades,34.0430846,-118.5110307,TheMLS,24-446845,https://www.redfin.com/CA/Pacific-Palisades/765-Amalfi-Dr-90272/home/6839568,Original Redfin export,91
2024-11-14,16754 Via La Costa,Pacific Palisades,CA,90272,Single Family Residential,3950000,5,6.0,6095,13656,1998,648,430.0,Pacific Palisades,34.0770198,-118.5479989,TheMLS,24-417833,https://www.redfin.com/CA/Pacific-Palisades/16754-Via-La-Costa-90272/home/6849327,Original Redfin export,298
2024-11-13,1047 Corsica Dr,Pacific Palisades,CA,90272,Single Family Residential,17350000,4,5.0,3359,15004,1948,5165,,Pacific Palisades,34.0474055,-118.5065165,Public Records / Redfin,,https://www.redfin.com/CA/Pacific-Palisades/1047-Corsica-Dr-90272/home/6839488,Filled from public web research: Redfin (High confidence),108
2024-11-07,541 Stassi Ln,Santa Monica,CA,90402,Single Family Residential,10715000,5,6.0,5430,9874,2019,1973,,Santa Monica,34.0331302,-118.5101006,TheMLS,24-450487,https://www.redfin.com/CA/Santa-Monica/541-Stassi-Ln-90402/home/6840204,Original Redfin export,112
2024-11-06,444 Ocampo Dr,Pacific Palisades,CA,90272,Single Family Residential,8375000,5,6.0,4021,9362,1946,2083,27.0,Pacific Palisades,34.0364187,-118.5211582,TheMLS,24-447851,https://www.redfin.com/CA/Pacific-Palisades/444-Ocampo-Dr-90272/home/6841036,Original Redfin export,57
2024-11-04,657 Hightree Rd,Santa Monica,CA,90402,Single Family Residential,4105000,3,3.0,2428,10312,1952,1691,,Pacific Palisades,34.0401065,-118.5150686,TheMLS,24-425925,https://www.redfin.com/CA/Santa-Monica/657-Hightree-Rd-90402/home/6840105,Original Redfin export,249
2024-11-04,652 Bienveneda Ave,Pacific Palisades,CA,90272,Single Family Residential,3200000,3,2.0,1741,7092,1947,1838,,Pacific Palisades,34.0473714,-118.5400128,TheMLS,24-451429,https://www.redfin.com/CA/Pacific-Palisades/652-Bienveneda-Ave-90272/home/6842626,Original Redfin export,120
2024-11-01,16716 Via La Costa,Pacific Palisades,CA,90272,Single Family Residential,4380000,6,6.0,4759,13766,1998,920,846.0,Pacific Palisades,34.0762968,-118.5471138,TheMLS,24-458983,https://www.redfin.com/CA/Pacific-Palisades/16716-Via-La-Costa-90272/home/6849332,Original Redfin export,35
2024-11-01,15230 Friends St,Pacific Palisades,CA,90272,Single Family Residential,3500000,3,2.0,1765,6580,1947,1983,,Pacific Palisades,34.0346132,-118.5271359,TheMLS,24-430907,https://www.redfin.com/CA/Pacific-Palisades/15230-Friends-St-90272/home/6841957,Original Redfin export,258
2024-10-24,1124 Las Pulgas Rd,Pacific Palisades,CA,90272,Single Family Residential,5145000,5,6.0,3953,11365,1960,1302,,Pacific Palisades,34.0528999,-118.5387337,Public Records / Redfin,,https://www.redfin.com/CA/Pacific-Palisades/1124-Las-Pulgas-Rd-90272/home/6844743,Filled from public web research: Redfin (High confidence),64
2024-10-24,592 Radcliffe Ave,Pacific Palisades,CA,90272,Single Family Residential,4066950,4,5.0,3257,5679,2006,1249,,Pacific Palisades,34.0406688,-118.5302534,TheMLS,24-426427,https://www.redfin.com/CA/Pacific-Palisades/592-Radcliffe-Ave-90272/home/6841671,Original Redfin export,259
2024-10-18,500 Toyopa Dr,Pacific Palisades,CA,90272,Single Family Residential,12650000,6,9.0,8690,22787,2017,1456,71.0,Pacific Palisades,34.0364724,-118.5196068,TheMLS,24-436449,https://www.redfin.com/CA/Pacific-Palisades/500-Toyopa-Dr-90272/home/6840992,Original Redfin export,156
2024-10-18,16914 Enchanted Pl,Pacific Palisades,CA,90272,Single Family Residential,3700000,3,2.0,2802,8520,1957,1320,,Pacific Palisades,34.0513306,-118.5485892,Public Records / Redfin,,https://www.redfin.com/CA/Pacific-Palisades/16914-Enchanted-Pl-90272/home/6843850,Filled from public web research: Redfin (High confidence),53
2024-10-17,820 Alma Real Dr,Pacific Palisades,CA,90272,Single Family Residential,9795000,6,6.0,6399,8628,2009,1531,25.0,Pacific Palisades,34.0434511,-118.5234356,TheMLS,24-437493,https://www.redfin.com/CA/Pacific-Palisades/820-Alma-Real-Dr-90272/home/6840779,Original Redfin export,155
2024-10-16,18038 Blue Sail Dr,Pacific Palisades,CA,90272,Single Family Residential,8550000,4,5.0,3296,17133,1965,2594,,Pacific Palisades,34.0488623,-118.5686336,Public Records / Redfin,,https://www.redfin.com/CA/Pacific-Palisades/18038-Blue-Sail-Dr-90272/home/6851167,Filled from public web research: Redfin (High confidence),207
2024-10-15,1204 Piedra Morada Dr,Pacific Palisades,CA,90272,Single Family Residential,3400000,5,5.0,5081,14787,1989,669,495.0,Pacific Palisades,34.0680943,-118.5513958,TheMLS,24-415167,https://www.redfin.com/CA/Pacific-Palisades/1204-Piedra-Morada-Dr-90272/home/6849149,Original Redfin export,255
2024-10-11,363 Sumac Ln,Santa Monica,CA,90402,Single Family Residential,3000000,3,2.0,2001,5440,1921,1499,,Santa Monica,34.033383,-118.51401,TheMLS,24-432719,https://www.redfin.com/CA/Santa-Monica/363-Sumac-Ln-90402/home/6840691,Original Redfin export,90
2024-10-02,1101 Corsica Dr,Pacific Palisades,CA,90272,Single Family Residential,12500000,5,7.0,6635,14919,2004,1884,,Pacific Palisades,34.0484607,-118.5057226,Public Records / Redfin,,https://www.redfin.com/CA/Pacific-Palisades/1101-Corsica-Dr-90272/home/6839473,Filled from public web research: Redfin (High confidence),37
2024-10-01,347 Aderno Way,Pacific Palisades,CA,90272,Single Family Residential,3112000,4,2.0,1777,10499,1949,1751,,Pacific Palisades,34.0419719,-118.5443914,TheMLS,24-436555,https://www.redfin.com/CA/Pacific-Palisades/347-Aderno-Way-90272/home/6843286,Original Redfin export,115
2024-09-30,14901 La Cumbre Dr,Pacific Palisades,CA,90272,Single Family Residential,10295000,6,6.0,5927,13468,2005,1737,,Pacific Palisades,34.0340977,-118.5208099,Public Records / Redfin,,https://www.redfin.com/CA/Pacific-Palisades/14901-La-Cumbre-Dr-90272/home/6841097,Filled from public web research: Redfin (High confidence),43
2024-09-30,1101 Monument St,Pacific Palisades,CA,90272,Single Family Residential,6250000,5,6.0,4200,6053,2024,1488,,Pacific Palisades,34.0488265,-118.5249635,TheMLS,24-431137,https://www.redfin.com/CA/Pacific-Palisades/1101-Monument-St-90272/home/6845922,Original Redfin export,125
2024-09-27,742 Via De La Paz,Pacific Palisades,CA,90272,Single Family Residential,4680000,6,7.0,4535,7502,2006,1032,,Pacific Palisades,34.0437214,-118.5276067,TheMLS,24-388136,https://www.redfin.com/CA/Pacific-Palisades/742-Via-de-la-Paz-90272/home/6841440,Original Redfin export,328
2024-09-23,850 Galloway St,Pacific Palisades,CA,90272,Single Family Residential,5800000,5,6.0,3434,5205,2024,1689,,Pacific Palisades,34.0447151,-118.5203162,TheMLS,24-453739,https://www.redfin.com/CA/Pacific-Palisades/850-Galloway-St-90272/home/6846670,Original Redfin export,2
2024-09-20,1513 Sorrento Dr,Pacific Palisades,CA,90272,Single Family Residential,21500000,7,9.0,12361,21762,2015,1739,200.0,Pacific Palisades,34.0581875,-118.5032328,TheMLS,24-418197,https://www.redfin.com/CA/Pacific-Palisades/1513-Sorrento-Dr-90272/home/6847045,Original Redfin export,151
2024-09-20,921 Rivas Canyon Rd,Pacific Palisades,CA,90272,Single Family Residential,9700000,5,7.0,5474,43400,2016,1772,,Pacific Palisades,34.0470979,-118.5147713,TheMLS,24-381207,https://www.redfin.com/CA/Pacific-Palisades/921-Rivas-Canyon-Rd-90272/home/6839902,Original Redfin export,336
2024-09-20,15961 Miami Way,Pacific Palisades,CA,90272,Single Family Residential,3150000,3,2.0,1898,6315,1941,1660,,Pacific Palisades,34.0443854,-118.5358288,TheMLS,24-441465,https://www.redfin.com/CA/Pacific-Palisades/15961-Miami-Way-90272/home/6842197,Original Redfin export,41
2024-09-18,675 Muskingum Ave,Pacific Palisades,CA,90272,Single Family Residential,6800000,7,8.0,6640,8607,2024,1024,,Pacific Palisades,34.0471393,-118.5373915,TheMLS,24-398459,https://www.redfin.com/CA/Pacific-Palisades/675-Muskingum-Ave-90272/home/6842533,Original Redfin export,300
2024-09-13,600 Via De La Paz,Pacific Palisades,CA,90272,Single Family Residential,7200000,6,8.0,7276,7211,2024,990,,Pacific Palisades,34.0404292,-118.5284877,TheMLS,24-384751,https://www.redfin.com/CA/Pacific-Palisades/600-Via-de-la-Paz-90272/home/6841532,Original Redfin export,324
2024-09-13,16517 Las Casas Pl,Pacific Palisades,CA,90272,Single Family Residential,3820000,3,4.0,3288,9835,1956,1162,,Pacific Palisades,34.0504398,-118.5414935,TheMLS,24-408130,https://www.redfin.com/CA/Pacific-Palisades/16517-Las-Casas-Pl-90272/home/6844162,Original Redfin export,264
2024-09-09,1160 Galloway St,Pacific Palisades,CA,90272,Single Family Residential,3100000,2,1.0,1116,6503,1923,2778,,Pacific Palisades,34.0510111,-118.5217247,Public Records / Redfin,,https://www.redfin.com/CA/Pacific-Palisades/1160-Galloway-St-90272/home/6846035,Filled from public web research: Redfin (High confidence),34
2024-09-06,1375 Allenford Ave,Los Angeles,CA,90049,Single Family Residential,8250000,7,10.0,7800,9844,2021,1058,,Brentwood,34.0532055,-118.4944222,TheMLS,24-413971,https://www.redfin.com/CA/Los-Angeles/1375-Allenford-Ave-90049/home/6839268,Original Redfin export,181
2024-09-05,743 Enchanted Way,Pacific Palisades,CA,90272,Single Family Residential,3375743,3,2.0,2242,9516,1956,1506,,Pacific Palisades,34.0496203,-118.5494823,TheMLS,24-425943,https://www.redfin.com/CA/Pacific-Palisades/743-Enchanted-Way-90272/home/28915317,Original Redfin export,68
2024-08-30,1467 Amalfi Dr,Pacific Palisades,CA,90272,Single Family Residential,5025000,4,4.0,3253,12820,1961,1545,25.0,Pacific Palisades,34.0571455,-118.5039529,TheMLS,24-412307,https://www.redfin.com/CA/Pacific-Palisades/1467-Amalfi-Dr-90272/home/8136961,Original Redfin export,171
2024-08-28,1467 Chastain Pkwy,Pacific Palisades,CA,90272,Single Family Residential,6000000,5,6.0,6754,12411,1990,888,430.0,Pacific Palisades,34.075735,-118.5534886,TheMLS,24-415011,https://www.redfin.com/CA/Pacific-Palisades/1467-Chastain-Pkwy-W-90272/home/6849184,Original Redfin export,146
2024-08-28,15926 Temecula St,Pacific Palisades,CA,90272,Single Family Residential,3050088,2,2.0,1685,6732,1941,1810,,Pacific Palisades,34.0443504,-118.5350649,TheMLS,24-406795,https://www.redfin.com/CA/Pacific-Palisades/15926-Temecula-St-90272/home/6842205,Original Redfin export,233
2024-08-26,1030 Fiske St,Pacific Palisades,CA,90272,Single Family Residential,4500000,3,4.0,2886,5199,1929,1559,,Pacific Palisades,34.0481434,-118.522105,TheMLS,24-431967,https://www.redfin.com/CA/Pacific-Palisades/1030-Fiske-St-90272/home/6846256,Original Redfin export,10
2024-08-26,16855 Livorno Dr,Pacific Palisades,CA,90272,Single Family Residential,3075000,4,3.0,2133,6904,1949,1442,,Pacific Palisades,34.0440611,-118.5462282,TheMLS,24-402255,https://www.redfin.com/CA/Pacific-Palisades/16855-Livorno-Dr-90272/home/6842970,Original Redfin export,215
2024-08-23,1423 Cuesta Linda,Pacific Palisades,CA,90272,Single Family Residential,4350000,6,8.0,5793,15237,1988,751,30.0,Pacific Palisades,34.0751076,-118.5553557,TheMLS,24-410203,https://www.redfin.com/CA/Pacific-Palisades/1423-Cuesta-Linda-90272/home/6849013,Original Redfin export,163
2024-08-23,227 Tranquillo Rd,Pacific Palisades,CA,90272,Single Family Residential,3185000,3,2.0,1723,6789,1954,1849,,Pacific Palisades,34.0436833,-118.5625879,TheMLS,24-400163,https://www.redfin.com/CA/Pacific-Palisades/227-Tranquillo-Rd-90272/home/6843581,Original Redfin export,226
2024-08-22,724 Hampden Pl,Pacific Palisades,CA,90272,Single Family Residential,7450000,5,7.0,6423,9646,2020,1160,,Pacific Palisades,34.04291,-118.5260737,TheMLS,24-391569,https://www.redfin.com/CA/Pacific-Palisades/724-Hampden-Pl-90272/home/110124838,Original Redfin export,292
2024-08-13,720 N Almar Ave,Pacific Palisades,CA,90272,Single Family Residential,5145000,5,5.0,3827,6946,2009,1344,,Pacific Palisades,34.0461176,-118.5342062,TheMLS,24-413701,https://www.redfin.com/CA/Pacific-Palisades/720-Almar-Ave-90272/home/6842245,Original Redfin export,70
2024-08-06,1301 Piedra Morada Dr,Pacific Palisades,CA,90272,Single Family Residential,4000000,5,6.0,5306,16948,1987,754,490.0,Pacific Palisades,34.0710328,-118.5521119,TheMLS,24-397534,https://www.redfin.com/CA/Pacific-Palisades/1301-Piedra-Morada-Dr-90272/home/6849083,Original Redfin export,232
2024-08-05,95 Ocean Way,Santa Monica,CA,90402,Single Family Residential,4717500,3,3.0,1978,5616,1962,2385,,Santa Monica,34.0271674,-118.5172266,TheMLS,24-384765,https://www.redfin.com/CA/Santa-Monica/95-Ocean-Way-90402/home/6840379,Original Redfin export,295
2024-07-31,731 Greentree Rd,Pacific Palisades,CA,90272,Single Family Residential,5000000,3,3.0,2142,18196,1949,2334,,Pacific Palisades,34.0423748,-118.5165563,Public Records / Redfin,,https://www.redfin.com/CA/Pacific-Palisades/731-Greentree-Rd-90272/home/6840072,Filled from public web research: Redfin (High confidence),189
2024-07-30,721 Via De La Paz,Pacific Palisades,CA,90272,Single Family Residential,6202000,4,5.0,3721,8303,1936,1667,,Pacific Palisades,34.043335,-118.5285112,TheMLS,24-391148,https://www.redfin.com/CA/Pacific-Palisades/721-Via-de-la-Paz-90272/home/6841428,Original Redfin export,205
2024-07-26,861 Kagawa St,Pacific Palisades,CA,90272,Single Family Residential,3750000,4,4.0,2350,6500,1949,1596,,Pacific Palisades,34.045445,-118.5178798,TheMLS,24-377157,https://www.redfin.com/CA/Pacific-Palisades/861-Kagawa-St-90272/home/8091128,Original Redfin export,177
2024-07-24,1580 Chastain Pkwy,Pacific Palisades,CA,90272,Single Family Residential,3300000,4,5.0,4127,6868,1995,800,430.0,Pacific Palisades,34.076504,-118.5501073,TheMLS,24-401769,https://www.redfin.com/CA/Pacific-Palisades/1580-Chastain-Pkwy-W-90272/home/6849432,Original Redfin export,196
2024-07-17,1030 Glenhaven Dr,Pacific Palisades,CA,90272,Single Family Residential,3145000,3,3.0,2322,9427,1958,1354,,Pacific Palisades,34.0536427,-118.5461577,TheMLS,24-390265,https://www.redfin.com/CA/Pacific-Palisades/1030-Glenhaven-Dr-90272/home/6844136,Original Redfin export,157
2024-07-17,17017 Avenida De Santa Ynez,Pacific Palisades,CA,90272,Single Family Residential,3132500,4,3.0,2890,5816,1975,1084,440.0,Pacific Palisades,34.0723588,-118.559018,TheMLS,24-398285,https://www.redfin.com/CA/Pacific-Palisades/17017-Avenida-de-Santa-Ynez-90272/home/6848057,Original Redfin export,127
2024-07-16,1680 Alta Mura Rd,Pacific Palisades,CA,90272,Single Family Residential,4733500,5,5.0,4180,68035,1966,1132,,Pacific Palisades,34.0639862,-118.500753,Public Records / Redfin,,https://www.redfin.com/CA/Pacific-Palisades/1680-Alta-Mura-Rd-90272/home/6849494,Filled from public web research: Redfin (High confidence),275
2024-07-15,506 N Las Casas Ave,Pacific Palisades,CA,90272,Single Family Residential,6575000,6,7.0,6220,8115,2022,1057,,Pacific Palisades,34.0440672,-118.5431294,TheMLS,24-343303,https://www.redfin.com/CA/Pacific-Palisades/506-N-Las-Casas-Ave-90272/home/6842724,Original Redfin export,299
2024-07-11,925 Enchanted Way,Pacific Palisades,CA,90272,Single Family Residential,7488000,4,5.0,3650,19638,2023,2052,4.0,Pacific Palisades,34.0531027,-118.5489033,TheMLS,24-374931,https://www.redfin.com/CA/Pacific-Palisades/925-Enchanted-Way-90272/home/8136959,Original Redfin export,74
2024-07-09,13926 W Sunset Blvd,Pacific Palisades,CA,90272,Single Family Residential,7779900,5,7.0,6987,16181,1929,1113,,Pacific Palisades,34.0459694,-118.5085147,TheMLS,24-399447,https://www.redfin.com/CA/Pacific-Palisades/13926-W-Sunset-Blvd-90272/home/6839557,Original Redfin export,99
2024-07-09,16075 Northfield St,Pacific Palisades,CA,90272,Single Family Residential,4850000,4,5.0,3494,6095,1998,1388,,Pacific Palisades,34.047368,-118.5365084,TheMLS,24-398105,https://www.redfin.com/CA/Pacific-Palisades/16075-Northfield-St-90272/home/6842398,Original Redfin export,136
2024-07-03,700 Almar Ave,Pacific Palisades,CA,90272,Single Family Residential,6200000,5,6.0,4120,7565,2009,1505,,Pacific Palisades,34.0456041,-118.5346273,TheMLS,24-397579,https://www.redfin.com/CA/Pacific-Palisades/700-Almar-Ave-90272/home/6842241,Original Redfin export,165
2024-07-02,16886 Charmel Ln,Pacific Palisades,CA,90272,Single Family Residential,4015000,5,4.0,4097,17721,1987,980,,C15 - Pacific Palisades,34.0642121,-118.5515421,CRMLS,P1-16987,https://www.redfin.com/CA/Pacific-Palisades/16886-Charmel-Ln-90272/home/6845334,Original Redfin export,242
2024-06-21,461 W Rustic Rd,Santa Monica,CA,90402,Single Family Residential,6500000,4,4.0,3400,6252,2016,1912,,Santa Monica,34.0334884,-118.5182927,TheMLS,24-406675,https://www.redfin.com/CA/Santa-Monica/461-W-Rustic-Rd-90402/home/6840462,Original Redfin export,42
2024-06-18,1039 Galloway St,Pacific Palisades,CA,90272,Single Family Residential,4300000,4,4.0,2551,5201,1926,1686,,Pacific Palisades,34.0484332,-118.521673,TheMLS,24-393031,https://www.redfin.com/CA/Pacific-Palisades/1039-Galloway-St-90272/home/6846266,Original Redfin export,93
2024-06-17,16656 Calle Haleigh,Pacific Palisades,CA,90272,Single Family Residential,3115000,3,4.0,3466,8125,1999,899,756.0,Pacific Palisades,34.0739148,-118.5492376,TheMLS,24-383005,https://www.redfin.com/CA/Pacific-Palisades/16656-Calle-Haleigh-90272/home/6849383,Original Redfin export,204
2024-06-13,955 Bienveneda Ave,Pacific Palisades,CA,90272,Single Family Residential,6578900,5,6.0,4772,16147,2018,1379,,Pacific Palisades,34.051635,-118.5402324,TheMLS,24-403775,https://www.redfin.com/CA/Pacific-Palisades/955-Bienveneda-Ave-90272/home/6844884,Original Redfin export,24
2024-06-10,1142 Charm Acres Pl,Pacific Palisades,CA,90272,Single Family Residential,6400000,5,6.0,4300,6228,2024,1488,,Pacific Palisades,34.0498458,-118.5256218,TheMLS,24-351933,https://www.redfin.com/CA/Pacific-Palisades/1142-Charm-Acres-Pl-90272/home/6845905,Original Redfin export,323
2024-06-07,14626 Hilltree Rd,Santa Monica,CA,90402,Single Family Residential,4150000,3,3.0,2493,10013,1953,1665,,Santa Monica,34.0369391,-118.5159606,TheMLS,23-321487,https://www.redfin.com/CA/Santa-Monica/14626-Hilltree-Rd-90402/home/6840123,Original Redfin export,338
2024-06-04,126 Mabery Rd,Santa Monica,CA,90402,Single Family Residential,10725000,3,4.0,2959,16597,1933,3625,,Santa Monica,34.0273383,-118.5156281,Public Records / Redfin,,https://www.redfin.com/CA/Santa-Monica/126-Mabery-Rd-90402/home/23101574,Filled from public web research: Redfin (High confidence),114
2024-06-03,14330 W Sunset Blvd,Pacific Palisades,CA,90272,Single Family Residential,25375000,7,13.0,15100,43560,2023,1680,,Pacific Palisades,34.0497781,-118.5114404,TheMLS,23-327461,https://www.redfin.com/CA/Pacific-Palisades/14330-W-Sunset-Blvd-90272/home/6839959,Original Redfin export,350
2024-05-24,335 Beirut Ave,Pacific Palisades,CA,90272,Single Family Residential,3700000,4,3.0,2711,5501,1925,1365,,Pacific Palisades,34.036868,-118.530928,TheMLS,24-376785,https://www.redfin.com/CA/Pacific-Palisades/335-Beirut-Ave-90272/home/6841893,Original Redfin export,116
2024-05-21,254 Toyopa Dr,Pacific Palisades,CA,90272,Single Family Residential,6300000,4,5.0,4674,14712,1957,1348,42.0,Pacific Palisades,34.0318578,-118.519637,TheMLS,24-388519,https://www.redfin.com/CA/Pacific-Palisades/254-Toyopa-Dr-90272/home/6841185,Original Redfin export,36
2024-05-17,1565 Umeo Rd,Pacific Palisades,CA,90272,Single Family Residential,8850000,4,5.0,5070,25944,2013,1746,13.0,Pacific Palisades,34.0606464,-118.5041784,TheMLS,24-361925,https://www.redfin.com/CA/Pacific-Palisades/1565-Umeo-Rd-90272/home/6846833,Original Redfin export,219
2024-05-17,1017 Iliff St,Pacific Palisades,CA,90272,Single Family Residential,4975000,5,6.0,3887,6501,2013,1280,,Pacific Palisades,34.0481909,-118.5195571,Public Records / Redfin,,https://www.redfin.com/CA/Pacific-Palisades/1017-Iliff-St-90272/home/6846214,Filled from public web research: Redfin (High confidence),218
2024-05-17,772 Kingman Ave,Santa Monica,CA,90402,Single Family Residential,4950000,5,5.0,4558,14796,1973,1086,,Santa Monica,34.0394363,-118.5081179,Public Records / Redfin,,https://www.redfin.com/CA/Santa-Monica/772-Kingman-Ave-90402/home/6839695,Filled from public web research: Redfin (High confidence),192
2024-05-10,617 Frontera Dr,Pacific Palisades,CA,90272,Single Family Residential,6000500,6,6.0,5198,8619,1941,1154,25.0,Pacific Palisades,34.0400381,-118.5227086,TheMLS,24-369243,https://www.redfin.com/CA/Pacific-Palisades/617-Frontera-Dr-90272/home/6840888,Original Redfin export,118
2024-05-09,14928 La Cumbre Dr,Pacific Palisades,CA,90272,Single Family Residential,16550000,6,8.0,9222,14908,2024,1795,,Pacific Palisades,34.0334451,-118.5216024,TheMLS,24-366453,https://www.redfin.com/CA/Pacific-Palisades/14928-La-Cumbre-Dr-90272/home/6841138,Original Redfin export,228
2024-05-07,767 Paseo Miramar,Pacific Palisades,CA,90272,Single Family Residential,7875000,6,8.0,7148,16308,2000,1102,,Pacific Palisades,34.0485859,-118.557279,TheMLS,24-350131,https://www.redfin.com/CA/Pacific-Palisades/767-Paseo-Miramar-90272/home/6843692,Original Redfin export,302
2024-05-07,837 Muskingum Ave,Pacific Palisades,CA,90272,Single Family Residential,3610000,3,2.0,2128,18555,1948,1696,,Pacific Palisades,34.0501294,-118.5348259,TheMLS,24-345883,https://www.redfin.com/CA/Pacific-Palisades/837-Muskingum-Ave-90272/home/6844603,Original Redfin export,138
2024-05-03,563 Spoleto Dr,Pacific Palisades,CA,90272,Single Family Residential,18300000,5,7.0,7713,21006,2004,2373,25.0,Pacific Palisades,34.0366983,-118.5139907,TheMLS,24-345761,https://www.redfin.com/CA/Pacific-Palisades/563-Spoleto-Dr-90272/home/6839656,Original Redfin export,286
2024-05-02,15975 Alcima Ave,Pacific Palisades,CA,90272,Single Family Residential,14500000,7,12.0,11700,33196,2022,1239,,Pacific Palisades,34.0516206,-118.5348407,TheMLS,24-348185,https://www.redfin.com/CA/Pacific-Palisades/15975-Alcima-Ave-90272/home/6844640,Original Redfin export,265
2024-05-02,1457 San Remo Dr,Pacific Palisades,CA,90272,Single Family Residential,9500000,5,5.0,4489,20876,1953,2116,,Pacific Palisades,34.0564496,-118.498532,TheMLS,24-353629,https://www.redfin.com/CA/Pacific-Palisades/1457-San-Remo-Dr-90272/home/6847183,Original Redfin export,261
2024-05-02,15291 Bestor Blvd,Pacific Palisades,CA,90272,Single Family Residential,7500000,6,7.0,6620,7618,2014,1133,,Pacific Palisades,34.0513539,-118.5255981,TheMLS,24-356023,https://www.redfin.com/CA/Pacific-Palisades/15291-Bestor-Blvd-90272/home/51585114,Original Redfin export,266
2024-05-02,784 Ocampo Dr,Pacific Palisades,CA,90272,Single Family Residential,6700000,5,5.5,4500,8052,1951,1489,,Pacific Palisades,34.0427036,-118.5225,Public Records / Redfin,,https://www.redfin.com/CA/Pacific-Palisades/784-Ocampo-Dr-90272/home/6840774,Filled from public web research: Redfin (High confidence),288
2024-04-30,926 Embury St,Pacific Palisades,CA,90272,Single Family Residential,4987545,5,6.0,3300,5204,2015,1511,,Pacific Palisades,34.0460891,-118.5226658,TheMLS,24-371794,https://www.redfin.com/CA/Pacific-Palisades/926-Embury-St-90272/home/6846397,Original Redfin export,124
2024-04-26,254 Mabery Rd,Santa Monica,CA,90402,Single Family Residential,3250000,5,4.0,3815,6043,1926,852,,Santa Monica,34.0290877,-118.5143771,TheMLS,24-351781,https://www.redfin.com/CA/Santa-Monica/254-Mabery-Rd-90402/home/6840263,Original Redfin export,284
2024-04-17,615 Palmera Ave,Pacific Palisades,CA,90272,Single Family Residential,3300000,4,3.0,3197,5491,1948,1032,,Pacific Palisades,34.0461619,-118.5392253,TheMLS,24-363103,https://www.redfin.com/CA/Pacific-Palisades/615-Palmera-Ave-90272/home/6842575,Original Redfin export,149
2024-04-16,13115 Nimrod Pl,Los Angeles,CA,90049,Single Family Residential,4400000,3,3.0,2504,10075,1955,1757,,Brentwood,34.0511418,-118.4958205,TheMLS,24-370101,https://www.redfin.com/CA/Los-Angeles/13115-Nimrod-Pl-90049/home/6839306,Original Redfin export,71
2024-04-12,1315 Bienveneda Ave,Pacific Palisades,CA,90272,Single Family Residential,3456500,3,3.0,2659,18610,1974,1300,,Pacific Palisades,34.0591526,-118.5436807,Public Records / Redfin,,https://www.redfin.com/CA/Pacific-Palisades/1315-Bienveneda-Ave-90272/home/6845049,Filled from public web research: Redfin (High confidence),21
2024-04-09,736 Swarthmore Ave,Pacific Palisades,CA,90272,Single Family Residential,4360000,5,5.0,3648,7003,1926,1195,,Pacific Palisades,34.0436196,-118.5265331,TheMLS,24-368363,https://www.redfin.com/CA/Pacific-Palisades/736-Swarthmore-Ave-90272/home/6841469,Original Redfin export,109
2024-04-05,16625 Calle Haleigh,Pacific Palisades,CA,90272,Single Family Residential,3400000,5,5.0,4583,6447,1999,742,705.0,Pacific Palisades,34.0734753,-118.5482596,TheMLS,24-356397,https://www.redfin.com/CA/Pacific-Palisades/16625-Calle-Haleigh-90272/home/6849395,Original Redfin export,223
2024-04-01,1300 Capri Dr,Pacific Palisades,CA,90272,Single Family Residential,4225000,3,3.0,2646,15877,1954,1597,25.0,Pacific Palisades,34.0532109,-118.5023635,TheMLS,24-361019,https://www.redfin.com/CA/Pacific-Palisades/1300-Capri-Dr-90272/home/6846965,Original Redfin export,140
2024-03-28,1328 Las Pulgas Rd,Pacific Palisades,CA,90272,Single Family Residential,7800000,5,7.0,6025,49027,1996,1295,,Pacific Palisades,34.055432504,-118.5382902,TheMLS,23-341473,https://www.redfin.com/CA/Pacific-Palisades/1328-Las-Pulgas-Rd-90272/home/6845396,Original Redfin export,193
2024-03-28,1055 El Medio Ave,Pacific Palisades,CA,90272,Single Family Residential,5795000,3,3.0,2214,30566,1956,2617,,Pacific Palisades,34.0524117,-118.5321978,TheMLS,24-374087,https://www.redfin.com/CA/Pacific-Palisades/1055-El-Medio-Ave-90272/home/23102266,Original Redfin export,8
2024-03-26,1117 Kagawa St,Pacific Palisades,CA,90272,Single Family Residential,6450000,5,6.0,3600,6500,2006,1792,,Pacific Palisades,34.050186,-118.518906,TheMLS,24-412403,https://www.redfin.com/CA/Pacific-Palisades/1117-Kagawa-St-90272/home/6846095,Original Redfin export,32
2024-03-21,16604 Calle Jermaine,Pacific Palisades,CA,90272,Single Family Residential,3141250,5,4.0,3232,10447,1995,972,433.0,Pacific Palisades,34.072157,-118.5481177,TheMLS,24-362539,https://www.redfin.com/CA/Pacific-Palisades/16604-Calle-Jermaine-90272/home/6849256,Original Redfin export,102
2024-03-15,783 Paseo Miramar,Pacific Palisades,CA,90272,Single Family Residential,8150000,4,5.0,5071,14871,1981,1607,,Pacific Palisades,34.0489323,-118.5573492,TheMLS,23-331675,https://www.redfin.com/CA/Pacific-Palisades/783-Paseo-Miramar-90272/home/6843693,Original Redfin export,311
2024-03-13,1020 Glenhaven Dr,Pacific Palisades,CA,90272,Single Family Residential,3450000,5,4.0,3585,9013,1958,962,,Pacific Palisades,34.053512,-118.5459972,TheMLS,24-359469,https://www.redfin.com/CA/Pacific-Palisades/1020-Glenhaven-Dr-90272/home/6844135,Original Redfin export,80
2024-03-08,1365 Goucher St,Pacific Palisades,CA,90272,Single Family Residential,3310000,4,3.0,2318,11330,1955,1428,,Pacific Palisades,34.0541046,-118.5227343,TheMLS,24-344843,https://www.redfin.com/CA/Pacific-Palisades/1365-Goucher-St-90272/home/8150517,Original Redfin export,185
2024-03-01,1031 Villa Grove Dr,Pacific Palisades,CA,90272,Single Family Residential,3652000,4,3.0,2722,10264,1961,1342,,Pacific Palisades,34.0489969,-118.5138388,Public Records / Redfin,,https://www.redfin.com/CA/Pacific-Palisades/1031-Villa-Grove-Dr-90272/home/6839928,Filled from public web research: Redfin (High confidence),333
2024-03-01,911 Kagawa St,Pacific Palisades,CA,90272,Single Family Residential,3512500,5,4.0,2704,6499,1940,1299,,Pacific Palisades,34.0464258,-118.5180879,TheMLS,23-313359,https://www.redfin.com/CA/Pacific-Palisades/911-Kagawa-St-90272/home/6846527,Original Redfin export,306
2024-03-01,14929 Whitfield Ave,Pacific Palisades,CA,90272,Single Family Residential,3025000,3,2.0,1815,6242,1950,1667,,Pacific Palisades,34.0522579,-118.5229301,TheMLS,23-342203,https://www.redfin.com/CA/Pacific-Palisades/14929-Whitfield-Ave-90272/home/6845513,Original Redfin export,235
2024-02-26,226 Giardino Way,Pacific Palisades,CA,90272,Single Family Residential,3275000,3,2.0,1972,6455,1957,1661,17.0,Pacific Palisades,34.0443173,-118.5636565,TheMLS,24-351629,https://www.redfin.com/CA/Pacific-Palisades/226-Giardino-Way-90272/home/6843552,Original Redfin export,145
2024-02-20,17410 Revello Dr,Pacific Palisades,CA,90272,Single Family Residential,4275000,4,3.0,2905,6794,1952,1472,,Pacific Palisades,34.0412018,-118.5568415,Public Records / Redfin,,https://www.redfin.com/CA/Pacific-Palisades/17410-Revello-Dr-90272/home/6843708,Filled from public web research: Redfin (High confidence),17
2024-02-16,1172 Lachman Ln,Pacific Palisades,CA,90272,Single Family Residential,4945000,4,4.0,3203,9698,1963,1544,,Pacific Palisades,34.0568408,-118.5463754,TheMLS,23-330297,https://www.redfin.com/CA/Pacific-Palisades/1172-Lachman-Ln-90272/home/6845104,Original Redfin export,277
2024-02-12,14401 Villa Woods Pl,Pacific Palisades,CA,90272,Single Family Residential,4520000,4,4.5,3578,15812,1953,1263,,Pacific Palisades,34.0525167,-118.5140668,CSMAR,224000073,https://www.redfin.com/CA/Pacific-Palisades/14401-Villa-Woods-Pl-90272/home/6839894,Original Redfin export,148
2024-02-01,13325 Westcove Dr,Los Angeles,CA,90049,Single Family Residential,3050000,4,2.5,2374,6839,1956,1285,,C06 - Brentwood,34.0573246,-118.496955,CRMLS,PV23118350,https://www.redfin.com/CA/Los-Angeles/13325-Westcove-Dr-90049/home/6847124,Original Redfin export,347
2024-01-30,807 Napoli Dr,Pacific Palisades,CA,90272,Single Family Residential,8621700,6,6.0,5576,18793,2000,1546,,Pacific Palisades,34.0432035,-118.509302,TheMLS,23-328001,https://www.redfin.com/CA/Pacific-Palisades/807-Napoli-Dr-90272/home/6839586,Original Redfin export,252
2024-01-16,16637 Calle Haleigh,Pacific Palisades,CA,90272,Single Family Residential,3250000,5,5.0,4583,6414,1999,709,705.0,Pacific Palisades,34.0737215,-118.5485013,TheMLS,23-339159,https://www.redfin.com/CA/Pacific-Palisades/16637-Calle-Haleigh-90272/home/6849393,Original Redfin export,88
2024-01-10,1006 Embury St,Pacific Palisades,CA,90272,Single Family Residential,4350000,4,5.0,3400,5202,2007,1279,,Pacific Palisades,34.0472478,-118.5229426,TheMLS,23-318541,https://www.redfin.com/CA/Pacific-Palisades/1006-Embury-St-90272/home/6846279,Original Redfin export,225
2024-01-05,901 Hartzell St,Pacific Palisades,CA,90272,Single Family Residential,4999999,5,5.0,3180,6183,2006,1572,,Pacific Palisades,34.0457995,-118.5200663,TheMLS,23-334021,https://www.redfin.com/CA/Pacific-Palisades/901-Hartzell-St-90272/home/6846479,Original Redfin export,52
2024-01-02,1734 E Chastain Pkwy,Pacific Palisades,CA,90272,Single Family Residential,3610000,4,4.0,4528,7345,1996,797,410.0,Pacific Palisades,34.0742731,-118.5474743,TheMLS,23-313511,https://www.redfin.com/CA/Pacific-Palisades/1734-Chastain-Pkwy-E-90272/home/6849371,Original Redfin export,297
2023-12-22,751 Swarthmore Ave,Pacific Palisades,CA,90272,Single Family Residential,9950000,6,9.0,7639,9007,2023,1303,,Pacific Palisades,34.0439242,-118.5270167,TheMLS,23-288015,https://www.redfin.com/CA/Pacific-Palisades/751-Swarthmore-Ave-90272/home/6841452,Original Redfin export,303
2023-12-22,841 Muskingum Ave,Pacific Palisades,CA,90272,Single Family Residential,5861986,5,4.0,4050,19170,1958,1447,,Pacific Palisades,34.05021,-118.5345965,TheMLS,23-326003,https://www.redfin.com/CA/Pacific-Palisades/841-Muskingum-Ave-90272/home/6844602,Original Redfin export,229
2023-12-21,17062 Bollinger Dr,Pacific Palisades,CA,90272,Single Family Residential,4300000,5,5.0,4314,6171,2002,997,,Pacific Palisades,34.0426315,-118.5502831,TheMLS,23-341221,https://www.redfin.com/CA/Pacific-Palisades/17062-Bollinger-Dr-90272/home/6844441,Original Redfin export,3
2023-12-06,558 Stassi Ln,Santa Monica,CA,90402,Single Family Residential,3368000,2,2.0,1633,13135,1947,2062,,Santa Monica,34.0333274,-118.5095358,TheMLS,23-307625,https://www.redfin.com/CA/Santa-Monica/558-Stassi-Ln-90402/home/6840198,Original Redfin export,278
2023-12-01,612 E Channel Rd,Santa Monica,CA,90402,Single Family Residential,10399000,5,8.0,6084,19360,1969,1709,,Santa Monica,34.0369423,-118.5103205,TheMLS,23-325971,https://www.redfin.com/CA/Santa-Monica/612-E-Channel-Rd-90402/home/6839755,Original Redfin export,81
2023-12-01,1656 Casale Rd,Pacific Palisades,CA,90272,Single Family Residential,9880000,6,8.0,5324,14458,1959,1856,,Pacific Palisades,34.0619367,-118.5011678,TheMLS,23-265735,https://www.redfin.com/CA/Pacific-Palisades/1656-Casale-Rd-90272/home/6847057,Original Redfin export,308
2023-12-01,15932 Temecula St,Pacific Palisades,CA,90272,Single Family Residential,4999500,5,6.0,3454,6466,2013,1447,,Pacific Palisades,34.0444372,-118.5351981,TheMLS,23-329587,https://www.redfin.com/CA/Pacific-Palisades/15932-Temecula-St-90272/home/6842204,Original Redfin export,55
2023-11-30,17679 Camino De Yatasto,Pacific Palisades,CA,90272,Single Family Residential,7300000,7,8.0,7401,19324,2001,986,540.0,Pacific Palisades,34.0793469,-118.5710053,TheMLS,23-268203,https://www.redfin.com/CA/Pacific-Palisades/17679-Camino-de-Yatasto-90272/home/6848823,Original Redfin export,329
2023-11-30,771 Iliff St,Pacific Palisades,CA,90272,Single Family Residential,4900000,2,1.0,4347,7151,2023,1127,,Pacific Palisades,34.0433947,-118.5184328,Public Records / Redfin,,https://www.redfin.com/CA/Pacific-Palisades/771-Iliff-St-90272/home/6846771,Filled from public web research: Redfin (High confidence),85
2023-11-30,222 Amalfi Dr,Santa Monica,CA,90402,Single Family Residential,4400000,5,6.0,5123,5929,1929,859,,Santa Monica,34.0323388,-118.5132858,TheMLS,23-298163,https://www.redfin.com/CA/Santa-Monica/222-Amalfi-Dr-90402/home/8091393,Original Redfin export,262
2023-11-29,665 E Channel Rd,Santa Monica,CA,90402,Single Family Residential,12000000,4,4.0,5571,37667,1978,2154,,Santa Monica,34.0391333,-118.5107966,Public Records / Redfin,,https://www.redfin.com/CA/Santa-Monica/665-E-Channel-Rd-90402/home/6839691,Filled from public web research: Redfin (High confidence),342
2023-11-22,13317 Westcove Dr,Los Angeles,CA,90049,Single Family Residential,4292500,4,5.0,3537,12638,1958,1214,,Brentwood,34.05757,-118.4972127,TheMLS,23-334807,https://www.redfin.com/CA/Los-Angeles/13317-Westcove-Dr-90049/home/6847120,Original Redfin export,27
2023-11-20,216 Toyopa Dr,Pacific Palisades,CA,90272,Single Family Residential,14970000,5,6.0,7000,17020,2004,2139,49.0,Pacific Palisades,34.0307773,-118.519712,TheMLS,23-325843,https://www.redfin.com/CA/Pacific-Palisades/216-Toyopa-Dr-90272/home/8173175,Original Redfin export,95
2023-11-19,1379 Piedra Morada Dr,Pacific Palisades,CA,90272,Single Family Residential,5500000,5,6.0,4689,15910,1986,1173,450.0,Pacific Palisades,34.0728067,-118.551612,TheMLS,23-333395,https://www.redfin.com/CA/Pacific-Palisades/1379-Piedra-Morada-Dr-90272/home/6849069,Original Redfin export,9
2023-11-14,939 Galloway St,Pacific Palisades,CA,90272,Single Family Residential,3200000,3,4.0,1806,5197,1949,1772,,Pacific Palisades,34.0466478,-118.5212381,TheMLS,23-313369,https://www.redfin.com/CA/Pacific-Palisades/939-Galloway-St-90272/home/6846441,Original Redfin export,186
2023-11-13,802 Galloway St,Pacific Palisades,CA,90272,Single Family Residential,6200000,5,6.0,4200,5857,2023,1476,,Pacific Palisades,34.0433651,-118.5200754,TheMLS,23-285309,https://www.redfin.com/CA/Pacific-Palisades/802-Galloway-St-90272/home/186229870,Original Redfin export,256
2023-11-13,16722 Monte Alto Pl,Pacific Palisades,CA,90272,Single Family Residential,4500000,5,5.0,6193,34446,1987,727,495.0,Pacific Palisades,34.0723706,-118.5525766,TheMLS,23-312015,https://www.redfin.com/CA/Pacific-Palisades/16722-Monte-Alto-Pl-90272/home/6849072,Original Redfin export,119
2023-11-09,857 Toyopa Dr,Pacific Palisades,CA,90272,Single Family Residential,5390000,3,2.0,2216,8625,1938,2432,,Pacific Palisades,34.0436643,-118.5231047,TheMLS,23-303441,https://www.redfin.com/CA/Pacific-Palisades/857-Toyopa-Dr-90272/home/6840760,Original Redfin export,230
2023-11-03,660 El Medio Ave,Pacific Palisades,CA,90272,Single Family Residential,5595000,4,4.0,3936,6444,2012,1421,,Pacific Palisades,34.044405,-118.533583,Public Records / Redfin,,https://www.redfin.com/CA/Pacific-Palisades/660-El-Medio-Ave-90272/home/40153333,Filled from public web research: Redfin (High confidence),143
2023-11-03,542 Bienveneda Ave,Pacific Palisades,CA,90272,Single Family Residential,4232000,4,4.0,3041,6104,1948,1392,,Pacific Palisades,34.045292,-118.5401133,TheMLS,23-291345,https://www.redfin.com/CA/Pacific-Palisades/542-Bienveneda-Ave-90272/home/6842630,Original Redfin export,301
2023-11-03,545 Spoleto Dr,Pacific Palisades,CA,90272,Single Family Residential,4200000,4,5.0,4221,17311,1936,995,,Pacific Palisades,34.0359669,-118.5146767,Public Records / Redfin,,https://www.redfin.com/CA/Pacific-Palisades/545-Spoleto-Dr-90272/home/6839659,Filled from public web research: Trulia (High confidence),16
2023-11-02,710 Hartzell St,Pacific Palisades,CA,90272,Single Family Residential,6382721,5,6.0,5325,9512,2018,1199,,Pacific Palisades,34.0419123,-118.5186703,TheMLS,23-314973,https://www.redfin.com/CA/Pacific-Palisades/710-Hartzell-St-90272/home/6846784,Original Redfin export,170
2023-10-31,15975 Asilomar Blvd,Pacific Palisades,CA,90272,Single Family Residential,4275000,3,2.0,1938,6763,1951,2206,,Pacific Palisades,34.0404404,-118.5385238,TheMLS,23-303485,https://www.redfin.com/CA/Pacific-Palisades/15975-Asilomar-Blvd-90272/home/6842120,Original Redfin export,159
2023-10-27,565 Toyopa Dr,Pacific Palisades,CA,90272,Single Family Residential,4890000,3,2.0,1923,8267,1953,2543,18.0,Pacific Palisades,34.0382471,-118.5194748,TheMLS,23-257115,https://www.redfin.com/CA/Pacific-Palisades/565-Toyopa-Dr-90272/home/6840956,Original Redfin export,224
2023-10-25,765 Alma Real Dr,Pacific Palisades,CA,90272,Single Family Residential,4450000,3,3.0,2547,7583,1948,1747,,Pacific Palisades,34.0422635,-118.5233173,TheMLS,23-279561,https://www.redfin.com/CA/Pacific-Palisades/765-Alma-Real-Dr-90272/home/6840741,Original Redfin export,317
2023-10-20,557 Via De La Paz,Pacific Palisades,CA,90272,Single Family Residential,4489000,4,5.0,2979,5500,2000,1507,,Pacific Palisades,34.0396667,-118.5293209,TheMLS,23-305597,https://www.redfin.com/CA/Pacific-Palisades/557-Via-de-la-Paz-90272/home/6841713,Original Redfin export,141
2023-10-20,1218 Piedra Morada Dr,Pacific Palisades,CA,90272,Single Family Residential,4300000,5,6.0,5456,16686,1985,788,495.0,Pacific Palisades,34.0685195,-118.5514385,TheMLS,23-282633,https://www.redfin.com/CA/Pacific-Palisades/1218-Piedra-Morada-Dr-90272/home/6849151,Original Redfin export,272
2023-10-16,15233 Bestor Blvd,Pacific Palisades,CA,90272,Single Family Residential,8125000,6,7.0,6219,7162,2014,1306,,Pacific Palisades,34.0513992,-118.5251928,TheMLS,23-306179,https://www.redfin.com/CA/Pacific-Palisades/15233-Bestor-Blvd-90272/home/51585112,Original Redfin export,153
2023-10-12,15976 Alcima Ave,Pacific Palisades,CA,90272,Single Family Residential,12000000,6,7.0,6033,18368,2012,1989,,Pacific Palisades,34.0508803,-118.5346731,TheMLS,23-321299,https://www.redfin.com/CA/Pacific-Palisades/15976-Alcima-Ave-90272/home/6844601,Original Redfin export,5
2023-10-11,18064 Sandy Cape Dr,Pacific Palisades,CA,90272,Single Family Residential,6690000,4,3.0,3756,21184,1965,1781,,Pacific Palisades,34.0477637,-118.569361,TheMLS,23-288855,https://www.redfin.com/CA/Pacific-Palisades/18064-Sandy-Cape-Dr-90272/home/6851128,Original Redfin export,282
2023-10-11,16951 Livorno Dr,Pacific Palisades,CA,90272,Single Family Residential,4950000,5,5.5,4720,6889,2007,1049,,C15 - Pacific Palisades,34.0432824,-118.5484041,CRMLS,AR23146805,https://www.redfin.com/CA/Pacific-Palisades/16951-Livorno-Dr-90272/home/6842950,Original Redfin export,200
2023-10-05,1486 Amalfi Dr,Pacific Palisades,CA,90272,Single Family Residential,10625000,5,8.0,7653,16519,1993,1388,25.0,Pacific Palisades,34.0571481,-118.5033202,TheMLS,23-308607,https://www.redfin.com/CA/Pacific-Palisades/1486-Amalfi-Dr-90272/home/6847005,Original Redfin export,103
2023-09-29,694 Amalfi Dr,Pacific Palisades,CA,90272,Single Family Residential,17450000,6,9.0,7467,47216,1933,2337,,Pacific Palisades,34.040539,-118.511268,TheMLS,23-302809,https://www.redfin.com/CA/Pacific-Palisades/694-Amalfi-Dr-90272/home/6839614,Original Redfin export,123
2023-09-28,259 Surfview Dr,Pacific Palisades,CA,90272,Single Family Residential,3901000,5,3.0,2876,26168,1965,1356,,Pacific Palisades,34.0452818,-118.5680598,TheMLS,23-289305,https://www.redfin.com/CA/Pacific-Palisades/259-Surfview-Dr-90272/home/6850914,Original Redfin export,191
2023-09-26,1111 Fiske St,Pacific Palisades,CA,90272,Single Family Residential,4550000,5,3.0,2489,6503,1929,1828,,Pacific Palisades,34.0494023,-118.5229023,Public Records / Redfin,,https://www.redfin.com/CA/Pacific-Palisades/1111-Fiske-St-90272/home/6845987,Filled from public web research: Redfin (High confidence),26
2023-09-21,16042 Northfield St,Pacific Palisades,CA,90272,Single Family Residential,5950000,5,6.0,3954,5751,2023,1505,,Pacific Palisades,34.0463288,-118.5360355,TheMLS,23-295291,https://www.redfin.com/CA/Pacific-Palisades/16042-Northfield-St-90272/home/6842063,Original Redfin export,206
2023-09-14,1711 Alta Mura Rd,Pacific Palisades,CA,90272,Single Family Residential,14250000,5,6.0,6880,24884,1960,2071,13.0,Pacific Palisades,34.0632568,-118.5024207,TheMLS,23-288869,https://www.redfin.com/CA/Pacific-Palisades/1711-Alta-Mura-Rd-90272/home/6846828,Original Redfin export,241
2023-09-12,1016 Monument St,Pacific Palisades,CA,90272,Single Family Residential,3145000,2,1.0,972,6495,1950,3236,,Pacific Palisades,34.0474859,-118.5240619,TheMLS,23-298367,https://www.redfin.com/CA/Pacific-Palisades/1016-Monument-St-90272/home/6846311,Original Redfin export,168
2023-09-07,1476 Amalfi Dr,Pacific Palisades,CA,90272,Single Family Residential,11070000,6,7.0,6220,14433,1991,1780,25.0,Pacific Palisades,34.0568364,-118.5033324,TheMLS,23-288859,https://www.redfin.com/CA/Pacific-Palisades/1476-Amalfi-Dr-90272/home/6847004,Original Redfin export,82
2023-09-06,887 Muskingum Ave,Pacific Palisades,CA,90272,Single Family Residential,8525000,7,9.0,7500,22695,1997,1137,,Pacific Palisades,34.0506478,-118.5327706,TheMLS,23-282799,https://www.redfin.com/CA/Pacific-Palisades/887-Muskingum-Ave-90272/home/6844589,Original Redfin export,253
2023-09-01,206 W Channel Rd,Santa Monica,CA,90402,Single Family Residential,3250000,2,3.0,1223,2584,1940,2657,,Santa Monica,34.0291877,-118.5174612,TheMLS,23-280513,https://www.redfin.com/CA/Santa-Monica/206-W-Channel-Rd-90402/home/6840405,Original Redfin export,243
2023-08-31,772 Ocampo Dr,Pacific Palisades,CA,90272,Single Family Residential,4823000,4,3.0,2963,8051,1930,1628,,Pacific Palisades,34.0424447,-118.5221654,TheMLS,23-307177,https://www.redfin.com/CA/Pacific-Palisades/772-Ocampo-Dr-90272/home/6840772,Original Redfin export,1
2023-08-29,1332 W Pavia Pl,Pacific Palisades,CA,90272,Single Family Residential,11328250,5,7.0,7609,13430,2013,1489,25.0,Pacific Palisades,34.0534203,-118.5036118,TheMLS,23-259401,https://www.redfin.com/CA/Pacific-Palisades/1332-Pavia-Pl-90272/home/6846953,Original Redfin export,322
2023-08-29,345 N Grenola St,Pacific Palisades,CA,90272,Single Family Residential,4999000,5,4.0,3803,7572,1939,1314,,Pacific Palisades,34.0420807,-118.5425532,TheMLS,23-281713,https://www.redfin.com/CA/Pacific-Palisades/345-N-Grenola-St-90272/home/6842703,Original Redfin export,260
2023-08-29,823 Enchanted Way,Pacific Palisades,CA,90272,Single Family Residential,3550000,4,3.0,2536,11809,1957,1400,,Pacific Palisades,34.0514594,-118.5492145,TheMLS,23-292629,https://www.redfin.com/CA/Pacific-Palisades/823-Enchanted-Way-90272/home/22907485,Original Redfin export,62
2023-08-28,1562 Chastain Pkwy,Pacific Palisades,CA,90272,Single Family Residential,3800000,4,5.0,4278,6162,1991,888,410.0,Pacific Palisades,34.076755,-118.550767,TheMLS,23-241907,https://www.redfin.com/CA/Pacific-Palisades/1562-Chastain-Pkwy-W-90272/home/6849436,Original Redfin export,319
2023-08-25,275 Monte Grigio Dr,Pacific Palisades,CA,90272,Single Family Residential,3999000,4,2.5,2719,5203,1965,1471,17.0,C15 - Pacific Palisades,34.0451261,-118.5628288,CRMLS,SR23119606,https://www.redfin.com/CA/Pacific-Palisades/275-Monte-Grigio-Dr-90272/home/6843597,Original Redfin export,199
2023-08-25,1445 Cuesta Linda,Pacific Palisades,CA,90272,Single Family Residential,3900000,4,5.0,3925,25117,1988,994,,Pacific Palisades,34.0757802,-118.5552154,TheMLS,23-289281,https://www.redfin.com/CA/Pacific-Palisades/1445-Cuesta-Linda-90272/home/6849016,Original Redfin export,152
2023-08-23,1570 Amalfi Dr,Pacific Palisades,CA,90272,Single Family Residential,24950000,8,8.0,9884,60710,1937,2524,,Pacific Palisades,34.0595785,-118.5033579,Public Records / Redfin,,https://www.redfin.com/CA/Pacific-Palisades/1570-Amalfi-Dr-90272/home/6847050,Filled from public web research: Redfin (High confidence),28
2023-08-22,1333 Brinkley Ave,Los Angeles,CA,90049,Single Family Residential,7010000,5,7.0,5950,8425,2008,1178,,Brentwood,34.0518096,-118.4968439,TheMLS,23-261791,https://www.redfin.com/CA/Los-Angeles/1333-Brinkley-Ave-90049/home/6839212,Original Redfin export,294
2023-08-21,526 Swarthmore Ave,Pacific Palisades,CA,90272,Single Family Residential,3975000,4,2.0,1865,10538,1950,2131,,Pacific Palisades,34.0386989,-118.5278157,TheMLS,23-241149,https://www.redfin.com/CA/Pacific-Palisades/526-Swarthmore-Ave-90272/home/6841756,Original Redfin export,339
2023-08-18,1505 Umeo Rd,Pacific Palisades,CA,90272,Single Family Residential,8800000,4,7.0,6245,28012,2011,1409,13.0,Pacific Palisades,34.0592966,-118.5050255,TheMLS,23-269491,https://www.redfin.com/CA/Pacific-Palisades/1505-Umeo-Rd-90272/home/79038774,Original Redfin export,271
2023-08-18,1047 Kagawa St,Pacific Palisades,CA,90272,Single Family Residential,3150000,2,1.0,1433,6500,1938,2198,,Pacific Palisades,34.0491537,-118.5186626,TheMLS,23-301699,https://www.redfin.com/CA/Pacific-Palisades/1047-Kagawa-St-90272/home/6846185,Original Redfin export,31
2023-08-16,711 Ocampo Dr,Pacific Palisades,CA,90272,Single Family Residential,4950000,4,5.0,4078,8752,1941,1214,25.0,Pacific Palisades,34.0407097,-118.521033,TheMLS,23-268755,https://www.redfin.com/CA/Pacific-Palisades/711-Ocampo-Dr-90272/home/6840860,Original Redfin export,287
2023-08-16,1131 Hartzell St,Pacific Palisades,CA,90272,Single Family Residential,3500000,3,2.0,1752,6501,1948,1998,,Pacific Palisades,34.0502822,-118.5210344,TheMLS,23-289293,https://www.redfin.com/CA/Pacific-Palisades/1131-Hartzell-St-90272/home/6846045,Original Redfin export,66
2023-08-15,743 Almar Ave,Pacific Palisades,CA,90272,Single Family Residential,5535000,6,4.0,3468,6551,1947,1596,,Pacific Palisades,34.0468627,-118.5345988,TheMLS,23-290323,https://www.redfin.com/CA/Pacific-Palisades/743-Almar-Ave-90272/home/6842027,Original Redfin export,72
2023-08-09,17501 Tramonto Dr,Pacific Palisades,CA,90272,Single Family Residential,3140000,3,3.0,2199,5614,1962,1428,17.0,Pacific Palisades,34.0414693,-118.557904,TheMLS,23-276459,https://www.redfin.com/CA/Pacific-Palisades/17501-Tramonto-Dr-90272/unit-P/home/6843785,Original Redfin export,236
2023-08-08,1136 Donaire Way,Pacific Palisades,CA,90272,Single Family Residential,4900000,5,5.0,4800,12318,1960,1021,,Pacific Palisades,34.0569374,-118.5449245,TheMLS,23-278049,https://www.redfin.com/CA/Pacific-Palisades/1136-Donaire-Way-90272/home/12265373,Original Redfin export,174
2023-08-04,13657 W Sunset Blvd,Pacific Palisades,CA,90272,Single Family Residential,3375000,4,5.0,3085,20038,1952,1094,25.0,Pacific Palisades,34.052247,-118.5044388,TheMLS,23-292693,https://www.redfin.com/CA/Pacific-Palisades/13657-W-Sunset-Blvd-90272/home/6846961,Original Redfin export,54
2023-08-03,946 Galloway St,Pacific Palisades,CA,90272,Single Family Residential,5789000,5,6.0,3869,5204,2023,1496,,Pacific Palisades,34.0469347,-118.5207893,TheMLS,23-235547,https://www.redfin.com/CA/Pacific-Palisades/946-Galloway-St-90272/home/6846461,Original Redfin export,344
2023-08-03,16432 Akron St,Pacific Palisades,CA,90272,Single Family Residential,3700000,3,4.0,2800,6111,1958,1321,,Pacific Palisades,34.0505497,-118.5405795,TheMLS,23-282040,https://www.redfin.com/CA/Pacific-Palisades/16432-Akron-St-90272/home/6844161,Original Redfin export,105
2023-07-26,1233 Bienveneda Ave,Pacific Palisades,CA,90272,Single Family Residential,8000000,4,6.0,5300,13800,1972,1509,,Pacific Palisades,34.0574861,-118.5420949,TheMLS,23-279257,https://www.redfin.com/CA/Pacific-Palisades/1233-Bienveneda-Ave-90272/home/6845065,Original Redfin export,197
2023-07-24,520 N Beirut Ave,Pacific Palisades,CA,90272,Single Family Residential,3415000,4,3.0,3200,5814,1932,1067,,Pacific Palisades,34.0389525,-118.530135,TheMLS,23-277253,https://www.redfin.com/CA/Pacific-Palisades/520-Beirut-Ave-90272/home/6841723,Original Redfin export,213
2023-07-24,708 Jacon Way,Pacific Palisades,CA,90272,Single Family Residential,3250000,3,3.0,2197,9133,1956,1479,,Pacific Palisades,34.0493003,-118.5468139,TheMLS,23-277981,https://www.redfin.com/CA/Pacific-Palisades/708-Jacon-Way-90272/home/6844021,Original Redfin export,128
2023-07-21,16808 Marquez Ave,Pacific Palisades,CA,90272,Single Family Residential,3075000,3,3.0,1965,4556,1952,1565,,Pacific Palisades,34.0457396,-118.5470362,TheMLS,23-294579,https://www.redfin.com/CA/Pacific-Palisades/16808-Marquez-Ave-90272/home/6842916,Original Redfin export,15
2023-07-20,1309 El Hito Cir,Pacific Palisades,CA,90272,Single Family Residential,3675180,4,3.0,2398,9120,1976,1533,,Pacific Palisades,34.0593531,-118.5427666,TheMLS,23-283563,https://www.redfin.com/CA/Pacific-Palisades/1309-El-Hito-Cir-90272/home/6844996,Original Redfin export,76
2023-07-19,530 Alma Real Dr,Pacific Palisades,CA,90272,Single Family Residential,5895000,4,4.0,3646,8860,1950,1617,35.0,Pacific Palisades,34.0380806,-118.5227077,TheMLS,23-277977,https://www.redfin.com/CA/Pacific-Palisades/530-Alma-Real-Dr-90272/home/6841057,Original Redfin export,147
2023-07-18,318 Amalfi Dr,Santa Monica,CA,90402,Single Family Residential,3976000,3,3.0,2641,5999,1961,1505,,Santa Monica,34.0323682,-118.5140371,TheMLS,23-267289,https://www.redfin.com/CA/Santa-Monica/318-Amalfi-Dr-90402/home/6840671,Original Redfin export,175
2023-07-14,1435 Chastain,Pacific Palisades,CA,90272,Single Family Residential,3850000,5,6.0,6166,12519,1995,624,400.0,Pacific Palisades,34.0746917,-118.552562,TheMLS,23-290721,https://www.redfin.com/CA/Pacific-Palisades/1435-Chastain-Pkwy-W-90272/home/6849190,Original Redfin export,33
2023-07-12,1220 Las Lomas Pl,Pacific Palisades,CA,90272,Single Family Residential,3925000,4,7.0,4200,11621,1956,935,27.0,Pacific Palisades,34.0549517,-118.5344403,TheMLS,23-253509,https://www.redfin.com/CA/Pacific-Palisades/1220-Las-Lomas-Pl-90272/home/6844690,Original Redfin export,274
2023-07-10,760 Latimer Rd,Santa Monica,CA,90402,Single Family Residential,4925000,3,2.0,2994,10689,1951,1645,,Santa Monica,34.0432569,-118.512263,Public Records / Redfin,,https://www.redfin.com/CA/Santa-Monica/760-Latimer-Rd-90402/home/6839981,Filled from public web research: Redfin (High confidence),330
2023-07-06,1279 El Hito Cir,Pacific Palisades,CA,90272,Single Family Residential,3200000,4,3.0,2010,8571,1972,1592,,C15 - Pacific Palisades,34.0587171,-118.5420755,CRMLS,SR23040958,https://www.redfin.com/CA/Pacific-Palisades/1279-El-Hito-Cir-90272/home/6844984,Original Redfin export,246
2023-07-05,17607 Tramonto Dr,Pacific Palisades,CA,90272,Single Family Residential,3550000,2,2.0,2240,6307,1953,1585,8.0,Pacific Palisades,34.0420553,-118.5591308,TheMLS,23-275993,https://www.redfin.com/CA/Pacific-Palisades/17607-Tramonto-Dr-90272/home/6843763,Original Redfin export,161
2023-06-30,17636 Camino De Yatasto,Pacific Palisades,CA,90272,Single Family Residential,5650000,5,5.0,4692,23204,1983,1204,540.0,Pacific Palisades,34.0789195,-118.5721838,TheMLS,23-277625,https://www.redfin.com/CA/Pacific-Palisades/17636-Camino-de-Yatasto-90272/home/6848849,Original Redfin export,101
2023-06-30,1120 Galloway St,Pacific Palisades,CA,90272,Single Family Residential,5500000,5,6.0,3528,6504,1948,1559,,Pacific Palisades,34.0499349,-118.5214111,Public Records / Redfin,,https://www.redfin.com/CA/Pacific-Palisades/1120-Galloway-St-90272/home/6846027,Filled from public web research: Redfin (High confidence),61
2023-06-30,1142 Bienveneda Ave,Pacific Palisades,CA,90272,Single Family Residential,4850000,5,7.0,4151,25102,2020,1168,,Pacific Palisades,34.0554496,-118.5400952,TheMLS,23-274157,https://www.redfin.com/CA/Pacific-Palisades/1142-Bienveneda-Ave-90272/home/28915642,Original Redfin export,75
2023-06-30,950 Las Lomas Ave,Pacific Palisades,CA,90272,Single Family Residential,3075000,4,4.0,2885,8415,1959,1066,,Pacific Palisades,34.0511224,-118.5357059,TheMLS,23-257601,https://www.redfin.com/CA/Pacific-Palisades/950-Las-Lomas-Ave-90272/home/6844622,Original Redfin export,195
2023-06-29,329 Sycamore Rd,Santa Monica,CA,90402,Single Family Residential,3113000,4,4.0,1842,6179,1924,1690,,Santa Monica,34.0311285,-118.5156862,TheMLS,23-269007,https://www.redfin.com/CA/Santa-Monica/329-Sycamore-Rd-90402/home/6840558,Original Redfin export,162
2023-06-28,841 Jacon Way,Pacific Palisades,CA,90272,Single Family Residential,3300000,3,2.0,1982,10665,1956,1665,,Pacific Palisades,34.0520615,-118.5472163,TheMLS,23-270442,https://www.redfin.com/CA/Pacific-Palisades/841-Jacon-Way-90272/home/6843839,Original Redfin export,190
2023-06-27,16050 Miami Way,Pacific Palisades,CA,90272,Single Family Residential,4995500,5,5.0,3833,5654,2006,1303,,Pacific Palisades,34.0455016,-118.5375504,TheMLS,23-270271,https://www.redfin.com/CA/Pacific-Palisades/16050-Miami-Way-90272/home/12287293,Original Redfin export,137
2023-06-26,1102 Villa View Dr,Pacific Palisades,CA,90272,Single Family Residential,3070000,4,3.0,2343,11374,1951,1310,,Pacific Palisades,34.0501173,-118.5141614,TheMLS,23-264975,https://www.redfin.com/CA/Pacific-Palisades/1102-Villa-View-Dr-90272/home/6839932,Original Redfin export,221
2023-06-20,13545 D Este Dr,Pacific Palisades,CA,90272,Single Family Residential,7500000,4,4.0,3029,16200,1952,2476,32.0,Pacific Palisades,34.0577267,-118.4992295,TheMLS,23-272467,https://www.redfin.com/CA/Pacific-Palisades/13535-D-Este-Dr-90272/home/6847187,Original Redfin export,133
2023-06-20,17601 Tramonto Dr,Pacific Palisades,CA,90272,Single Family Residential,3600000,2,2.0,1689,10895,1951,2131,,Pacific Palisades,34.0420188,-118.5589051,Public Records / Redfin,,https://www.redfin.com/CA/Pacific-Palisades/17601-Tramonto-Dr-90272/home/6843328,Filled from public web research: Redfin (High confidence),97
2023-06-16,1150 Iliff St,Pacific Palisades,CA,90272,Single Family Residential,3965000,5,3.0,2447,6501,1952,1620,,Pacific Palisades,34.0509288,-118.5195719,TheMLS,23-251657,https://www.redfin.com/CA/Pacific-Palisades/1150-Iliff-St-90272/home/6846086,Original Redfin export,237
2023-06-14,355 Sycamore Rd,Santa Monica,CA,90402,Single Family Residential,4950000,5,5.0,2948,6285,1950,1679,,Santa Monica,34.0316889,-118.516232,TheMLS,23-236519,https://www.redfin.com/CA/Santa-Monica/355-Sycamore-Rd-90402/home/6840568,Original Redfin export,214
2023-06-09,357 N Grenola St,Pacific Palisades,CA,90272,Single Family Residential,5500000,5,5.0,4604,8325,1993,1195,,Pacific Palisades,34.0424893,-118.5426023,TheMLS,23-265445,https://www.redfin.com/CA/Pacific-Palisades/357-N-Grenola-St-90272/home/6842705,Original Redfin export,69
2023-06-07,809 Toyopa Dr,Pacific Palisades,CA,90272,Single Family Residential,4525000,2,3.0,1683,8051,1950,2689,23.0,Pacific Palisades,34.0425364,-118.5217472,TheMLS,23-247173,https://www.redfin.com/CA/Pacific-Palisades/809-Toyopa-Dr-90272/home/6840768,Original Redfin export,238
